::ffff:1.0.19.98/128,"JP","Japan"
::ffff:1.52.212.103/128,"VN","Viet Nam"
::ffff:1.186.204.82/128,"GB","United Kingdom of Great Britain and Northern Ireland"
::ffff:2.56.148.150/127,"CH","Switzerland"
::ffff:2.59.50.28/128,"RU","Russian Federation"
::ffff:3.6.9.200/128,"IN","India"
::ffff:3.8.161.182/128,"GB","United Kingdom of Great Britain and Northern Ireland"
::ffff:3.11.66.69/128,"GB","United Kingdom of Great Britain and Northern Ireland"
::ffff:3.16.224.125/128,"US","United States of America"
::ffff:3.23.59.184/128,"US","United States of America"
::ffff:3.36.228.66/128,"KR","Korea (the Republic of)"
::ffff:3.71.187.5/128,"DE","Germany"
::ffff:3.82.49.164/128,"US","United States of America"
::ffff:3.86.149.150/128,"US","United States of America"
::ffff:3.90.225.172/128,"US","United States of America"
::ffff:3.98.192.250/128,"CA","Canada"
::ffff:3.110.107.56/128,"IN","India"
::ffff:3.120.127.164/128,"DE","Germany"
::ffff:3.128.182.182/128,"US","United States of America"
::ffff:3.140.109.93/128,"US","United States of America"
::ffff:3.156.75.37/128,"US","United States of America"
::ffff:3.216.82.43/128,"US","United States of America"
::ffff:3.236.7.103/128,"US","United States of America"
::ffff:4.1.221.138/128,"US","United States of America"
::ffff:4.42.40.34/128,"US","United States of America"
::ffff:4.175.45.228/128,"NL","Netherlands (Kingdom of the)"
::ffff:4.233.91.183/128,"FR","France"
::ffff:5.1.80.246/128,"DE","Germany"
::ffff:5.8.251.216/128,"GB","United Kingdom of Great Britain and Northern Ireland"
::ffff:5.34.177.155/128,"SG","Singapore"
::ffff:5.35.139.195/128,"RU","Russian Federation"
::ffff:5.35.158.150/128,"RU","Russian Federation"
::ffff:5.39.216.237/128,"NL","Netherlands (Kingdom of the)"
::ffff:5.44.100.124/128,"DE","Germany"
::ffff:5.61.46.8/128,"DE","Germany"
::ffff:5.78.31.174/128,"US","United States of America"
::ffff:5.78.98.177/128,"US","United States of America"
::ffff:5.78.228.54/128,"US","United States of America"
::ffff:5.102.101.5/128,"TR","Turkiye"
::ffff:5.135.83.198/128,"FR","France"
::ffff:5.149.217.29/128,"UA","Ukraine"
::ffff:5.150.37.140/128,"GB","United Kingdom of Great Britain and Northern Ireland"
::ffff:5.157.163.24/128,"CA","Canada"
::ffff:5.161.59.176/128,"US","United States of America"
::ffff:5.175.216.232/125,"CA","Canada"
::ffff:5.180.17.254/128,"RU","Russian Federation"
::ffff:5.181.169.54/128,"MX","Mexico"
::ffff:5.183.152.86/128,"RU","Russian Federation"
::ffff:5.188.216.98/128,"SE","Sweden"
::ffff:5.196.151.84/128,"FR","France"
::ffff:5.228.83.22/128,"RU","Russian Federation"
::ffff:5.231.40.0/118,"DE","Germany"
::ffff:5.252.225.102/128,"DE","Germany"
::ffff:5.255.127.249/128,"NL","Netherlands (Kingdom of the)"
::ffff:8.133.190.179/128,"CN","China"
::ffff:8.179.149.182/128,"CN","China"
::ffff:8.210.100.163/128,"HK","Hong Kong"
::ffff:8.214.43.25/128,"SG","Singapore"
::ffff:8.218.149.175/128,"HK","Hong Kong"
::ffff:8.219.250.171/128,"SG","Singapore"
::ffff:9.36.0.169/128,"US","United States of America"
::ffff:9.162.159.64/128,"US","United States of America"
::ffff:13.37.35.227/128,"FR","France"
::ffff:13.42.48.115/128,"GB","United Kingdom of Great Britain and Northern Ireland"
::ffff:13.52.219.188/128,"US","United States of America"
::ffff:13.57.232.191/128,"US","United States of America"
::ffff:13.74.117.2/128,"IE","Ireland"
::ffff:13.94.173.68/128,"NL","Netherlands (Kingdom of the)"
::ffff:13.125.162.226/128,"KR","Korea (the Republic of)"
::ffff:13.201.103.47/128,"IN","India"
::ffff:13.212.50.41/128,"SG","Singapore"
::ffff:13.212.108.216/128,"SG","Singapore"
::ffff:13.213.114.238/128,"SG","Singapore"
::ffff:13.229.67.132/128,"SG","Singapore"
::ffff:13.229.238.182/128,"SG","Singapore"
::ffff:13.232.171.151/128,"IN","India"
::ffff:13.234.48.185/128,"IN","India"
::ffff:13.250.13.64/128,"SG","Singapore"
::ffff:14.36.82.213/128,"KR","Korea (the Republic of)"
::ffff:14.145.46.98/128,"CN","China"
::ffff:15.145.11.174/128,"DE","Germany"
::ffff:15.188.155.11/128,"FR","France"
::ffff:15.204.227.75/128,"US","United States of America"
::ffff:15.228.161.45/128,"BR","Brazil"
::ffff:16.2.138.53/128,"IN","India"
::ffff:17.19.78.181/128,"US","United States of America"
::ffff:18.130.131.110/128,"GB","United Kingdom of Great Britain and Northern Ireland"
::ffff:18.134.249.241/128,"GB","United Kingdom of Great Britain and Northern Ireland"
::ffff:18.141.191.2/128,"SG","Singapore"
::ffff:18.144.25.166/128,"US","United States of America"
::ffff:18.166.176.99/128,"HK","Hong Kong"
::ffff:18.181.168.160/128,"JP","Japan"
::ffff:18.185.220.86/128,"DE","Germany"
::ffff:18.197.143.191/128,"DE","Germany"
::ffff:18.212.154.104/128,"US","United States of America"
::ffff:18.221.119.171/128,"US","United States of America"
::ffff:18.228.245.253/128,"BR","Brazil"
::ffff:18.236.234.189/128,"US","United States of America"
::ffff:20.18.67.208/128,"JP","Japan"
::ffff:20.52.53.243/128,"DE","Germany"
::ffff:20.103.139.62/128,"NL","Netherlands (Kingdom of the)"
::ffff:20.127.36.113/128,"US","United States of America"
::ffff:20.187.87.93/128,"HK","Hong Kong"
::ffff:20.205.243.166/128,"SG","Singapore"
::ffff:20.228.204.247/128,"US","United States of America"
::ffff:20.255.74.153/128,"HK","Hong Kong"
::ffff:23.26.140.229/128,"US","United States of America"
::ffff:23.27.140.159/128,"US","United States of America"
::ffff:23.27.245.223/128,"US","United States of America"
::ffff:23.88.13.115/128,"DE","Germany"
::ffff:23.94.33.234/128,"US","United States of America"
::ffff:23.94.135.74/128,"US","United States of America"
::ffff:23.94.244.236/126,"US","United States of America"
::ffff:23.95.94.115/128,"US","United States of America"
::ffff:23.95.249.3/128,"US","United States of America"
::ffff:23.105.71.194/128,"US","United States of America"
::ffff:23.108.42.139/128,"US","United States of America"
::ffff:23.109.208.244/128,"NL","Netherlands (Kingdom of the)"
::ffff:23.145.24.14/128,"JP","Japan"
::ffff:23.168.24.210/128,"US","United States of America"
::ffff:23.226.33.99/128,"US","United States of America"
::ffff:23.230.21.59/128,"US","United States of America"
::ffff:23.231.172.103/128,"US","United States of America"
::ffff:23.239.173.171/128,"US","United States of America"
::ffff:23.250.29.66/128,"US","United States of America"
::ffff:23.250.126.216/128,"US","United States of America"
::ffff:23.254.80.41/128,"US","United States of America"
::ffff:27.37.47.180/128,"CN","China"
::ffff:27.79.177.173/128,"VN","Viet Nam"
::ffff:27.121.84.26/128,"ID","Indonesia"
::ffff:27.254.163.228/128,"TH","Thailand"
::ffff:31.13.217.100/128,"BG","Bulgaria"
::ffff:31.28.244.66/128,"UA","Ukraine"
::ffff:31.29.198.223/128,"RU","Russian Federation"
::ffff:31.40.226.113/128,"GB","United Kingdom of Great Britain and Northern Ireland"
::ffff:31.43.224.147/128,"UA","Ukraine"
::ffff:31.43.253.212/128,"UA","Ukraine"
::ffff:31.57.90.194/128,"JP","Japan"
::ffff:31.58.151.28/128,"US","United States of America"
::ffff:31.59.144.190/128,"SG","Singapore"
::ffff:31.129.77.138/127,"UA","Ukraine"
::ffff:31.133.69.148/128,"UA","Ukraine"
::ffff:31.170.144.86/128,"UA","Ukraine"
::ffff:31.207.230.42/128,"RU","Russian Federation"
::ffff:31.222.161.9/128,"GB","United Kingdom of Great Britain and Northern Ireland"
::ffff:34.71.115.148/128,"US","United States of America"
::ffff:34.83.5.62/128,"US","United States of America"
::ffff:34.90.35.41/128,"NL","Netherlands (Kingdom of the)"
::ffff:34.93.38.233/128,"IN","India"
::ffff:34.116.255.169/128,"PL","Poland"
::ffff:34.145.132.168/128,"US","United States of America"
::ffff:34.196.111.110/128,"US","United States of America"
::ffff:34.209.219.3/128,"US","United States of America"
::ffff:34.217.17.187/128,"US","United States of America"
::ffff:34.221.228.137/128,"US","United States of America"
::ffff:34.236.249.188/128,"US","United States of America"
::ffff:34.252.182.238/128,"IE","Ireland"
::ffff:35.33.227.49/128,"US","United States of America"
::ffff:35.90.81.142/128,"US","United States of America"
::ffff:35.161.5.60/128,"US","United States of America"
::ffff:35.176.219.165/128,"GB","United Kingdom of Great Britain and Northern Ireland"
::ffff:35.180.182.244/128,"FR","France"
::ffff:35.185.173.242/128,"TW","Taiwan (Province of China)"
::ffff:35.194.76.125/128,"US","United States of America"
::ffff:35.198.106.41/128,"DE","Germany"
::ffff:35.202.95.136/128,"US","United States of America"
::ffff:35.212.239.40/128,"US","United States of America"
::ffff:35.228.61.163/128,"FI","Finland"
::ffff:35.236.31.191/128,"US","United States of America"
::ffff:35.245.69.174/128,"US","United States of America"
::ffff:36.3.245.147/128,"JP","Japan"
::ffff:36.93.140.183/128,"ID","Indonesia"
::ffff:37.9.46.136/128,"AR","Argentina"
::ffff:37.27.82.118/128,"FI","Finland"
::ffff:37.32.1.154/128,"IR","Iran (Islamic Republic of)"
::ffff:37.32.20.70/128,"IR","Iran (Islamic Republic of)"
::ffff:37.35.49.56/126,"US","United States of America"
::ffff:37.59.239.26/128,"DE","Germany"
::ffff:37.114.96.148/128,"DE","Germany"
::ffff:37.139.101.251/128,"UA","Ukraine"
::ffff:37.148.220.58/128,"GB","United Kingdom of Great Britain and Northern Ireland"
::ffff:37.202.9.168/128,"RU","Russian Federation"
::ffff:37.230.213.78/128,"RU","Russian Federation"
::ffff:37.235.214.13/128,"RU","Russian Federation"
::ffff:38.13.67.131/128,"CA","Canada"
::ffff:38.43.202.26/128,"VE","Venezuela (Bolivarian Republic of)"
::ffff:38.46.3.72/128,"US","United States of America"
::ffff:38.51.159.42/128,"US","United States of America"
::ffff:38.54.37.254/128,"PH","Philippines"
::ffff:38.60.204.76/128,"US","United States of America"
::ffff:38.62.223.194/128,"US","United States of America"
::ffff:38.76.148.71/128,"US","United States of America"
::ffff:38.89.73.208/125,"GB","United Kingdom of Great Britain and Northern Ireland"
::ffff:38.89.84.126/128,"CA","Canada"
::ffff:38.94.33.130/128,"US","United States of America"
::ffff:38.104.181.170/128,"US","United States of America"
::ffff:38.123.220.6/128,"MX","Mexico"
::ffff:38.129.17.54/128,"DO","Dominican Republic"
::ffff:38.135.196.54/128,"US","United States of America"
::ffff:38.141.15.30/127,"GB","United Kingdom of Great Britain and Northern Ireland"
::ffff:38.150.0.14/128,"US","United States of America"
::ffff:38.159.212.174/128,"DO","Dominican Republic"
::ffff:38.162.12.163/128,"CA","Canada"
::ffff:38.162.27.71/128,"CA","Canada"
::ffff:38.180.44.211/128,"EE","Estonia"
::ffff:38.188.127.138/128,"DE","Germany"
::ffff:38.210.16.160/128,"KZ","Kazakhstan"
::ffff:38.242.230.137/128,"DE","Germany"
::ffff:38.248.186.143/128,"VE","Venezuela (Bolivarian Republic of)"
::ffff:39.102.210.47/128,"CN","China"
::ffff:39.104.146.176/128,"CN","China"
::ffff:39.107.28.116/128,"CN","China"
::ffff:39.185.44.125/128,"CN","China"
::ffff:40.112.89.59/128,"IE","Ireland"
::ffff:40.233.28.191/128,"MX","Mexico"
::ffff:41.71.137.145/128,"US","United States of America"
::ffff:41.71.148.182/127,"US","United States of America"
::ffff:41.71.157.189/128,"US","United States of America"
::ffff:41.71.166.28/128,"US","United States of America"
::ffff:41.71.176.56/126,"US","United States of America"
::ffff:41.71.185.182/128,"US","United States of America"
::ffff:41.71.194.30/128,"US","United States of America"
::ffff:41.71.202.164/128,"US","United States of America"
::ffff:41.71.213.176/128,"US","United States of America"
::ffff:41.71.224.242/128,"US","United States of America"
::ffff:41.71.239.252/128,"US","United States of America"
::ffff:41.71.251.202/128,"US","United States of America"
::ffff:41.84.232.76/128,"SZ","Eswatini"
::ffff:41.134.176.186/128,"ZA","South Africa"
::ffff:41.205.116.79/128,"EG","Egypt"
::ffff:41.242.3.141/128,"KE","Kenya"
::ffff:42.115.181.145/128,"VN","Viet Nam"
::ffff:42.194.239.74/128,"CN","China"
::ffff:43.129.216.200/128,"HK","Hong Kong"
::ffff:43.132.182.90/128,"HK","Hong Kong"
::ffff:43.134.199.31/128,"HK","Hong Kong"
::ffff:43.153.0.233/128,"US","United States of America"
::ffff:43.153.169.24/128,"JP","Japan"
::ffff:43.156.0.87/128,"SG","Singapore"
::ffff:43.163.123.11/128,"SG","Singapore"
::ffff:43.203.197.212/128,"KR","Korea (the Republic of)"
::ffff:43.208.109.103/128,"MY","Malaysia"
::ffff:43.229.12.151/128,"BD","Bangladesh"
::ffff:43.242.176.144/128,"PK","Pakistan"
::ffff:43.245.117.164/128,"TR","Turkiye"
::ffff:43.252.236.21/128,"ID","Indonesia"
::ffff:44.203.0.137/128,"US","United States of America"
::ffff:44.242.198.32/128,"US","United States of America"
::ffff:45.8.88.145/128,"RU","Russian Federation"
::ffff:45.9.149.221/128,"NL","Netherlands (Kingdom of the)"
::ffff:45.11.20.21/128,"RU","Russian Federation"
::ffff:45.12.145.128/128,"NL","Netherlands (Kingdom of the)"
::ffff:45.14.29.134/128,"UA","Ukraine"
::ffff:45.32.11.135/128,"JP","Japan"
::ffff:45.32.192.230/128,"US","United States of America"
::ffff:45.38.94.254/128,"DK","Denmark"
::ffff:45.39.232.223/128,"US","United States of America"
::ffff:45.43.76.177/128,"LV","Latvia"
::ffff:45.43.179.220/128,"ES","Spain"
::ffff:45.43.232.134/128,"US","United States of America"
::ffff:45.57.182.3/128,"SG","Singapore"
::ffff:45.57.253.44/128,"US","United States of America"
::ffff:45.63.21.223/128,"US","United States of America"
::ffff:45.66.209.102/127,"US","United States of America"
::ffff:45.67.212.198/128,"RU","Russian Federation"
::ffff:45.72.19.242/128,"US","United States of America"
::ffff:45.72.81.48/128,"US","United States of America"
::ffff:45.76.21.146/128,"US","United States of America"
::ffff:45.76.185.146/128,"SG","Singapore"
::ffff:45.77.104.223/128,"US","United States of America"
::ffff:45.77.241.41/128,"SG","Singapore"
::ffff:45.78.228.40/128,"SG","Singapore"
::ffff:45.80.107.244/127,"US","United States of America"
::ffff:45.82.255.246/128,"PL","Poland"
::ffff:45.84.216.224/127,"CZ","Czechia"
::ffff:45.87.125.187/128,"US","United States of America"
::ffff:45.89.19.20/128,"RU","Russian Federation"
::ffff:45.90.208.174/128,"HK","Hong Kong"
::ffff:45.94.239.0/120,"ID","Indonesia"
::ffff:45.115.59.216/128,"IN","India"
::ffff:45.120.124.86/128,"IN","India"
::ffff:45.126.169.193/128,"IN","India"
::ffff:45.130.7.211/128,"KZ","Kazakhstan"
::ffff:45.132.186.210/128,"AU","Australia"
::ffff:45.133.217.75/128,"RU","Russian Federation"
::ffff:45.134.193.194/128,"FR","France"
::ffff:45.136.207.154/128,"RU","Russian Federation"
::ffff:45.138.103.178/128,"CN","China"
::ffff:45.139.59.52/128,"US","United States of America"
::ffff:45.140.204.12/127,"CN","China"
::ffff:45.141.235.0/120,"US","United States of America"
::ffff:45.143.206.254/128,"AM","Armenia"
::ffff:45.145.128.150/128,"US","United States of America"
::ffff:45.147.120.88/128,"RU","Russian Federation"
::ffff:45.148.126.98/127,"AU","Australia"
::ffff:45.149.207.22/128,"DE","Germany"
::ffff:45.153.50.114/128,"KZ","Kazakhstan"
::ffff:45.156.242.153/128,"AT","Austria"
::ffff:45.159.238.179/128,"PL","Poland"
::ffff:45.172.178.31/128,"CO","Colombia"
::ffff:45.180.174.162/128,"NL","Netherlands (Kingdom of the)"
::ffff:45.187.105.32/128,"BR","Brazil"
::ffff:45.195.250.135/128,"NL","Netherlands (Kingdom of the)"
::ffff:45.199.131.196/127,"JP","Japan"
::ffff:45.201.133.190/128,"KH","Cambodia"
::ffff:45.206.33.232/128,"TW","Taiwan (Province of China)"
::ffff:45.229.56.7/128,"PA","Panama"
::ffff:45.237.85.157/128,"US","United States of America"
::ffff:45.249.106.171/128,"SG","Singapore"
::ffff:46.3.4.168/128,"US","United States of America"
::ffff:46.3.104.110/128,"HK","Hong Kong"
::ffff:46.4.75.218/128,"DE","Germany"
::ffff:46.8.57.67/128,"RU","Russian Federation"
::ffff:46.8.126.222/128,"TW","Taiwan (Province of China)"
::ffff:46.16.13.218/128,"RU","Russian Federation"
::ffff:46.22.228.54/128,"AZ","Azerbaijan"
::ffff:46.30.139.132/128,"GB","United Kingdom of Great Britain and Northern Ireland"
::ffff:46.36.219.178/128,"EE","Estonia"
::ffff:46.44.15.122/128,"RU","Russian Federation"
::ffff:46.62.190.60/128,"FI","Finland"
::ffff:46.98.115.38/128,"UA","Ukraine"
::ffff:46.98.141.220/128,"UA","Ukraine"
::ffff:46.98.204.205/128,"UA","Ukraine"
::ffff:46.101.147.174/128,"DE","Germany"
::ffff:46.137.58.22/128,"IE","Ireland"
::ffff:46.148.178.224/128,"RU","Russian Federation"
::ffff:46.151.41.12/128,"UA","Ukraine"
::ffff:46.161.60.178/128,"NL","Netherlands (Kingdom of the)"
::ffff:46.167.248.174/128,"CZ","Czechia"
::ffff:46.203.79.14/128,"AU","Australia"
::ffff:46.232.113.26/128,"US","United States of America"
::ffff:46.244.101.154/128,"NL","Netherlands (Kingdom of the)"
::ffff:46.255.32.116/128,"UA","Ukraine"
::ffff:47.74.1.154/128,"JP","Japan"
::ffff:47.76.165.231/128,"HK","Hong Kong"
::ffff:47.89.157.205/128,"US","United States of America"
::ffff:47.91.57.59/128,"AE","United Arab Emirates"
::ffff:47.93.183.128/128,"CN","China"
::ffff:47.96.22.180/128,"CN","China"
::ffff:47.97.124.27/128,"CN","China"
::ffff:47.98.248.24/128,"CN","China"
::ffff:47.99.118.142/128,"CN","China"
::ffff:47.100.11.236/128,"CN","China"
::ffff:47.100.197.223/128,"CN","China"
::ffff:47.101.176.131/128,"CN","China"
::ffff:47.101.213.108/128,"CN","China"
::ffff:47.103.41.249/128,"CN","China"
::ffff:47.103.214.55/128,"CN","China"
::ffff:47.105.95.164/128,"CN","China"
::ffff:47.105.156.23/128,"CN","China"
::ffff:47.106.201.163/128,"CN","China"
::ffff:47.107.164.205/128,"CN","China"
::ffff:47.108.66.125/128,"CN","China"
::ffff:47.108.152.110/128,"CN","China"
::ffff:47.108.176.54/128,"CN","China"
::ffff:47.108.222.208/128,"CN","China"
::ffff:47.108.240.87/128,"CN","China"
::ffff:47.110.57.48/128,"CN","China"
::ffff:47.111.249.227/128,"CN","China"
::ffff:47.112.162.18/128,"CN","China"
::ffff:47.112.219.120/128,"CN","China"
::ffff:47.113.216.154/128,"CN","China"
::ffff:47.114.48.73/128,"CN","China"
::ffff:47.114.135.224/128,"CN","China"
::ffff:47.114.187.34/128,"CN","China"
::ffff:47.115.80.127/128,"CN","China"
::ffff:47.115.191.94/128,"CN","China"
::ffff:47.116.12.172/128,"CN","China"
::ffff:47.116.39.127/128,"CN","China"
::ffff:47.116.100.127/128,"CN","China"
::ffff:47.116.200.208/128,"CN","China"
::ffff:47.123.7.220/128,"CN","China"
::ffff:47.128.124.152/128,"SG","Singapore"
::ffff:47.237.108.18/128,"SG","Singapore"
::ffff:47.242.49.10/128,"HK","Hong Kong"
::ffff:47.243.90.197/128,"HK","Hong Kong"
::ffff:47.244.241.147/128,"HK","Hong Kong"
::ffff:47.251.125.60/128,"US","United States of America"
::ffff:47.252.16.31/128,"US","United States of America"
::ffff:47.254.85.143/128,"US","United States of America"
::ffff:47.254.215.211/128,"MY","Malaysia"
::ffff:49.13.58.6/128,"DE","Germany"
::ffff:49.51.184.182/128,"US","United States of America"
::ffff:49.129.181.126/128,"JP","Japan"
::ffff:49.228.247.83/128,"TH","Thailand"
::ffff:49.247.24.207/128,"KR","Korea (the Republic of)"
::ffff:50.19.26.67/128,"US","United States of America"
::ffff:50.114.33.244/127,"KH","Cambodia"
::ffff:50.114.157.98/128,"US","United States of America"
::ffff:50.171.68.130/128,"US","United States of America"
::ffff:51.15.86.52/128,"NL","Netherlands (Kingdom of the)"
::ffff:51.15.224.231/128,"FR","France"
::ffff:51.38.105.48/128,"DE","Germany"
::ffff:51.68.196.79/128,"GB","United Kingdom of Great Britain and Northern Ireland"
::ffff:51.77.33.28/128,"PL","Poland"
::ffff:51.79.166.127/128,"SG","Singapore"
::ffff:51.81.202.134/128,"US","United States of America"
::ffff:51.89.176.240/126,"GB","United Kingdom of Great Britain and Northern Ireland"
::ffff:51.137.49.31/128,"NL","Netherlands (Kingdom of the)"
::ffff:51.158.126.139/128,"FR","France"
::ffff:51.159.89.54/128,"FR","France"
::ffff:51.178.137.178/128,"FR","France"
::ffff:51.195.235.125/128,"GB","United Kingdom of Great Britain and Northern Ireland"
::ffff:51.222.197.238/128,"CA","Canada"
::ffff:52.9.148.120/128,"US","United States of America"
::ffff:52.29.231.135/128,"DE","Germany"
::ffff:52.53.153.213/128,"US","United States of America"
::ffff:52.60.194.218/128,"CA","Canada"
::ffff:52.77.214.32/128,"SG","Singapore"
::ffff:52.83.206.22/128,"CN","China"
::ffff:52.140.192.17/128,"JP","Japan"
::ffff:52.171.236.11/128,"US","United States of America"
::ffff:52.192.230.44/128,"JP","Japan"
::ffff:52.212.208.28/128,"IE","Ireland"
::ffff:52.230.83.250/128,"SG","Singapore"
::ffff:52.232.32.144/128,"NL","Netherlands (Kingdom of the)"
::ffff:54.37.51.26/128,"FR","France"
::ffff:54.39.48.97/128,"CA","Canada"
::ffff:54.81.70.67/128,"US","United States of America"
::ffff:54.93.248.96/128,"DE","Germany"
::ffff:54.155.51.165/128,"IE","Ireland"
::ffff:54.169.96.160/128,"SG","Singapore"
::ffff:54.177.226.187/128,"US","United States of America"
::ffff:54.183.214.227/128,"US","United States of America"
::ffff:54.194.58.204/128,"IE","Ireland"
::ffff:54.205.87.171/128,"US","United States of America"
::ffff:54.220.5.167/128,"IE","Ireland"
::ffff:54.236.162.34/128,"US","United States of America"
::ffff:54.251.12.83/128,"SG","Singapore"
::ffff:56.90.12.28/128,"US","United States of America"
::ffff:57.129.38.190/128,"DE","Germany"
::ffff:58.120.197.209/128,"KR","Korea (the Republic of)"
::ffff:58.240.211.250/127,"CN","China"
::ffff:59.56.38.46/128,"CN","China"
::ffff:60.106.152.53/128,"JP","Japan"
::ffff:61.45.111.203/128,"JP","Japan"
::ffff:61.245.123.21/128,"PH","Philippines"
::ffff:62.64.203.48/128,"GB","United Kingdom of Great Britain and Northern Ireland"
::ffff:62.78.45.64/128,"RU","Russian Federation"
::ffff:62.106.78.57/128,"US","United States of America"
::ffff:62.122.229.39/128,"ES","Spain"
::ffff:62.171.165.161/128,"FR","France"
::ffff:62.201.239.196/128,"IQ","Iraq"
::ffff:62.205.156.38/128,"UA","Ukraine"
::ffff:62.232.95.58/128,"GB","United Kingdom of Great Britain and Northern Ireland"
::ffff:63.34.189.161/128,"IE","Ireland"
::ffff:63.223.106.2/128,"US","United States of America"
::ffff:64.26.44.196/128,"NL","Netherlands (Kingdom of the)"
::ffff:64.43.74.0/119,"US","United States of America"
::ffff:64.79.70.59/128,"US","United States of America"
::ffff:64.111.126.43/128,"US","United States of America"
::ffff:64.137.31.169/128,"ZA","South Africa"
::ffff:64.137.103.88/125,"AT","Austria"
::ffff:64.137.126.208/128,"JP","Japan"
::ffff:64.202.187.215/128,"US","United States of America"
::ffff:64.227.110.245/128,"US","United States of America"
::ffff:65.0.55.240/128,"IN","India"
::ffff:65.21.131.45/128,"FI","Finland"
::ffff:65.108.126.45/128,"FI","Finland"
::ffff:65.215.70.39/128,"US","United States of America"
::ffff:66.42.70.96/128,"US","United States of America"
::ffff:66.71.240.188/128,"US","United States of America"
::ffff:66.148.116.61/128,"US","United States of America"
::ffff:66.181.161.170/127,"MN","Mongolia"
::ffff:66.181.188.90/128,"MN","Mongolia"
::ffff:66.231.68.42/128,"EC","Ecuador"
::ffff:67.43.37.201/128,"US","United States of America"
::ffff:67.205.173.74/128,"US","United States of America"
::ffff:67.222.152.246/128,"US","United States of America"
::ffff:67.229.141.186/128,"US","United States of America"
::ffff:68.183.24.77/128,"US","United States of America"
::ffff:68.183.186.124/128,"SG","Singapore"
::ffff:69.12.93.157/128,"US","United States of America"
::ffff:69.63.76.134/128,"SZ","Eswatini"
::ffff:69.162.164.231/128,"US","United States of America"
::ffff:69.165.6.178/127,"US","United States of America"
::ffff:69.166.219.196/128,"US","United States of America"
::ffff:69.168.97.78/128,"US","United States of America"
::ffff:71.86.129.184/127,"US","United States of America"
::ffff:72.193.196.224/128,"US","United States of America"
::ffff:74.91.49.171/128,"US","United States of America"
::ffff:74.208.81.170/128,"US","United States of America"
::ffff:75.102.51.150/128,"SG","Singapore"
::ffff:75.134.84.195/128,"US","United States of America"
::ffff:77.36.91.64/123,"RO","Romania"
::ffff:77.65.215.11/128,"PL","Poland"
::ffff:77.77.129.20/128,"BG","Bulgaria"
::ffff:77.83.166.14/128,"US","United States of America"
::ffff:77.91.117.9/128,"ZA","South Africa"
::ffff:77.220.194.142/127,"FR","France"
::ffff:77.235.4.102/128,"KG","Kyrgyzstan"
::ffff:77.242.3.24/128,"RU","Russian Federation"
::ffff:77.246.250.80/128,"RU","Russian Federation"
::ffff:78.25.168.202/128,"RU","Russian Federation"
::ffff:78.30.223.9/128,"UA","Ukraine"
::ffff:78.46.104.229/128,"DE","Germany"
::ffff:78.111.84.161/128,"NL","Netherlands (Kingdom of the)"
::ffff:78.137.36.100/128,"UA","Ukraine"
::ffff:78.141.195.143/128,"GB","United Kingdom of Great Britain and Northern Ireland"
::ffff:78.156.144.180/128,"CZ","Czechia"
::ffff:78.158.202.244/128,"RU","Russian Federation"
::ffff:78.158.217.31/128,"RU","Russian Federation"
::ffff:79.116.156.57/128,"ES","Spain"
::ffff:79.137.194.48/124,"NL","Netherlands (Kingdom of the)"
::ffff:79.172.228.222/128,"HU","Hungary"
::ffff:80.67.4.17/128,"FI","Finland"
::ffff:80.77.162.181/128,"RU","Russian Federation"
::ffff:80.91.23.181/128,"RU","Russian Federation"
::ffff:80.211.13.10/128,"IT","Italy"
::ffff:80.240.29.218/128,"DE","Germany"
::ffff:80.246.232.44/128,"DE","Germany"
::ffff:80.248.233.132/126,"SE","Sweden"
::ffff:80.255.11.144/128,"DE","Germany"
::ffff:81.22.44.42/128,"RU","Russian Federation"
::ffff:81.25.79.228/127,"RU","Russian Federation"
::ffff:81.92.195.217/128,"GB","United Kingdom of Great Britain and Northern Ireland"
::ffff:81.188.156.171/128,"BE","Belgium"
::ffff:82.23.96.0/117,"CA","Canada"
::ffff:82.29.125.24/126,"US","United States of America"
::ffff:82.112.235.49/128,"IN","India"
::ffff:82.115.223.137/128,"NL","Netherlands (Kingdom of the)"
::ffff:82.152.142.61/128,"HK","Hong Kong"
::ffff:82.177.210.89/128,"PL","Poland"
::ffff:82.214.85.161/128,"MK","North Macedonia"
::ffff:83.136.248.179/128,"GB","United Kingdom of Great Britain and Northern Ireland"
::ffff:83.147.204.17/128,"SC","Seychelles"
::ffff:83.147.237.215/128,"SC","Seychelles"
::ffff:83.171.106.95/128,"RU","Russian Federation"
::ffff:83.219.38.178/128,"GB","United Kingdom of Great Britain and Northern Ireland"
::ffff:84.15.177.20/126,"LT","Lithuania"
::ffff:84.15.188.207/128,"LT","Lithuania"
::ffff:84.23.54.103/128,"RU","Russian Federation"
::ffff:84.33.210.56/128,"IT","Italy"
::ffff:84.33.247.196/128,"IT","Italy"
::ffff:84.54.57.186/128,"RU","Russian Federation"
::ffff:84.243.217.206/128,"NL","Netherlands (Kingdom of the)"
::ffff:84.247.178.99/128,"DE","Germany"
::ffff:85.89.127.28/128,"RU","Russian Federation"
::ffff:85.91.206.55/128,"RU","Russian Federation"
::ffff:85.91.223.140/128,"RU","Russian Federation"
::ffff:85.128.48.83/128,"PL","Poland"
::ffff:85.190.84.50/128,"GB","United Kingdom of Great Britain and Northern Ireland"
::ffff:85.202.164.82/128,"RU","Russian Federation"
::ffff:85.208.224.76/128,"LT","Lithuania"
::ffff:85.214.94.28/128,"DE","Germany"
::ffff:86.38.26.32/128,"GB","United Kingdom of Great Britain and Northern Ireland"
::ffff:86.57.175.13/128,"BY","Belarus"
::ffff:86.104.249.0/120,"CH","Switzerland"
::ffff:87.76.42.123/128,"KZ","Kazakhstan"
::ffff:87.98.254.201/128,"GB","United Kingdom of Great Britain and Northern Ireland"
::ffff:87.204.148.237/128,"PL","Poland"
::ffff:87.246.50.202/128,"BG","Bulgaria"
::ffff:88.80.194.14/128,"DE","Germany"
::ffff:88.150.141.21/128,"GB","United Kingdom of Great Britain and Northern Ireland"
::ffff:88.208.225.37/128,"GB","United Kingdom of Great Britain and Northern Ireland"
::ffff:88.216.212.160/126,"US","United States of America"
::ffff:88.218.82.0/119,"LA","Lao People's Democratic Republic"
::ffff:89.22.193.225/128,"EE","Estonia"
::ffff:89.35.7.110/128,"RO","Romania"
::ffff:89.40.198.64/128,"RO","Romania"
::ffff:89.43.95.53/128,"IR","Iran (Islamic Republic of)"
::ffff:89.58.73.120/127,"DE","Germany"
::ffff:89.110.104.94/128,"NL","Netherlands (Kingdom of the)"
::ffff:89.116.243.114/128,"US","United States of America"
::ffff:89.145.195.50/128,"GB","United Kingdom of Great Britain and Northern Ireland"
::ffff:89.165.11.226/128,"IR","Iran (Islamic Republic of)"
::ffff:89.188.169.2/128,"RU","Russian Federation"
::ffff:89.197.114.13/128,"GB","United Kingdom of Great Britain and Northern Ireland"
::ffff:89.208.113.192/124,"FR","France"
::ffff:89.223.122.187/128,"RU","Russian Federation"
::ffff:89.248.172.12/128,"NL","Netherlands (Kingdom of the)"
::ffff:90.156.228.141/128,"PL","Poland"
::ffff:91.99.51.220/128,"DE","Germany"
::ffff:91.103.251.186/127,"AM","Armenia"
::ffff:91.108.177.107/128,"SE","Sweden"
::ffff:91.121.94.11/128,"FR","France"
::ffff:91.132.124.156/126,"US","United States of America"
::ffff:91.148.101.47/128,"RS","Serbia"
::ffff:91.189.87.22/128,"RU","Russian Federation"
::ffff:91.196.209.228/128,"ES","Spain"
::ffff:91.199.197.46/128,"RU","Russian Federation"
::ffff:91.202.139.150/128,"GB","United Kingdom of Great Britain and Northern Ireland"
::ffff:91.208.73.0/120,"IE","Ireland"
::ffff:91.213.99.134/128,"UZ","Uzbekistan"
::ffff:91.218.223.36/128,"RU","Russian Federation"
::ffff:91.222.217.160/127,"RU","Russian Federation"
::ffff:91.226.5.141/128,"UA","Ukraine"
::ffff:91.231.66.7/128,"KZ","Kazakhstan"
::ffff:91.236.97.40/128,"UA","Ukraine"
::ffff:91.239.42.186/128,"RU","Russian Federation"
::ffff:91.241.204.35/128,"RU","Russian Federation"
::ffff:91.242.229.77/128,"NL","Netherlands (Kingdom of the)"
::ffff:91.243.94.244/128,"US","United States of America"
::ffff:91.244.19.8/128,"UA","Ukraine"
::ffff:91.244.84.245/128,"RU","Russian Federation"
::ffff:91.247.115.109/128,"RU","Russian Federation"
::ffff:92.43.80.71/128,"UA","Ukraine"
::ffff:92.51.56.151/128,"MD","Moldova (the Republic of)"
::ffff:92.112.125.128/121,"HK","Hong Kong"
::ffff:92.119.131.85/128,"RU","Russian Federation"
::ffff:92.222.153.174/128,"FR","France"
::ffff:92.245.124.62/128,"KG","Kyrgyzstan"
::ffff:92.255.108.56/128,"RU","Russian Federation"
::ffff:93.92.112.75/128,"DK","Denmark"
::ffff:93.119.152.110/128,"RO","Romania"
::ffff:93.126.28.37/128,"IR","Iran (Islamic Republic of)"
::ffff:93.158.214.154/128,"NL","Netherlands (Kingdom of the)"
::ffff:93.175.47.226/128,"IL","Israel"
::ffff:93.183.72.100/128,"RU","Russian Federation"
::ffff:93.190.143.43/128,"NL","Netherlands (Kingdom of the)"
::ffff:94.31.33.50/128,"GB","United Kingdom of Great Britain and Northern Ireland"
::ffff:94.101.99.90/128,"PL","Poland"
::ffff:94.130.112.170/128,"DE","Germany"
::ffff:94.131.118.170/128,"FR","France"
::ffff:94.143.86.90/128,"FR","France"
::ffff:94.158.177.246/128,"UA","Ukraine"
::ffff:94.177.179.154/128,"IT","Italy"
::ffff:94.228.123.216/128,"RU","Russian Federation"
::ffff:94.242.12.249/128,"RU","Russian Federation"
::ffff:94.249.184.102/128,"DE","Germany"
::ffff:94.249.228.208/125,"CA","Canada"
::ffff:95.25.161.59/128,"RU","Russian Federation"
::ffff:95.38.128.135/128,"IR","Iran (Islamic Republic of)"
::ffff:95.38.213.73/128,"IR","Iran (Islamic Republic of)"
::ffff:95.67.46.134/128,"UA","Ukraine"
::ffff:95.86.153.199/128,"AZ","Azerbaijan"
::ffff:95.135.130.24/127,"IE","Ireland"
::ffff:95.154.193.107/128,"GB","United Kingdom of Great Britain and Northern Ireland"
::ffff:95.159.80.180/128,"IQ","Iraq"
::ffff:95.159.91.231/128,"IQ","Iraq"
::ffff:95.159.103.23/128,"IQ","Iraq"
::ffff:95.164.62.80/128,"BE","Belgium"
::ffff:95.164.232.76/128,"US","United States of America"
::ffff:95.172.60.140/128,"RU","Russian Federation"
::ffff:95.179.188.250/128,"NL","Netherlands (Kingdom of the)"
::ffff:95.182.78.8/126,"UA","Ukraine"
::ffff:95.214.55.92/128,"PL","Poland"
::ffff:95.216.243.250/128,"FI","Finland"
::ffff:96.45.82.214/128,"US","United States of America"
::ffff:98.142.241.206/128,"US","United States of America"
::ffff:100.25.16.77/128,"US","United States of America"
::ffff:101.35.148.205/128,"CN","China"
::ffff:101.47.167.33/128,"SG","Singapore"
::ffff:101.126.11.101/128,"CN","China"
::ffff:101.132.184.15/128,"CN","China"
::ffff:102.64.120.114/128,"US","United States of America"
::ffff:102.129.191.32/128,"US","United States of America"
::ffff:102.165.1.241/128,"ZA","South Africa"
::ffff:102.177.161.154/128,"EC","Ecuador"
::ffff:102.182.248.80/128,"ZA","South Africa"
::ffff:102.214.166.131/128,"LY","Libya"
::ffff:102.223.56.206/128,"ZA","South Africa"
::ffff:103.5.174.50/128,"AF","Afghanistan"
::ffff:103.12.130.251/128,"AU","Australia"
::ffff:103.15.94.27/128,"VN","Viet Nam"
::ffff:103.21.100.93/128,"VN","Viet Nam"
::ffff:103.27.108.215/128,"HK","Hong Kong"
::ffff:103.35.160.220/128,"UA","Ukraine"
::ffff:103.42.216.138/128,"MM","Myanmar"
::ffff:103.47.13.249/128,"IN","India"
::ffff:103.53.190.198/128,"ID","Indonesia"
::ffff:103.60.208.177/128,"IN","India"
::ffff:103.68.216.126/128,"IN","India"
::ffff:103.73.45.41/128,"BD","Bangladesh"
::ffff:103.74.251.94/128,"HK","Hong Kong"
::ffff:103.77.107.212/128,"ID","Indonesia"
::ffff:103.80.88.75/128,"ID","Indonesia"
::ffff:103.83.57.53/128,"IN","India"
::ffff:103.87.252.0/119,"CA","Canada"
::ffff:103.90.207.252/128,"IN","India"
::ffff:103.95.32.138/128,"MY","Malaysia"
::ffff:103.99.3.165/128,"VN","Viet Nam"
::ffff:103.105.81.72/128,"ID","Indonesia"
::ffff:103.108.94.74/127,"NZ","New Zealand"
::ffff:103.112.139.72/128,"ID","Indonesia"
::ffff:103.115.42.36/128,"HK","Hong Kong"
::ffff:103.119.172.231/128,"IN","India"
::ffff:103.124.107.75/128,"US","United States of America"
::ffff:103.126.219.180/128,"BD","Bangladesh"
::ffff:103.132.20.2/128,"BD","Bangladesh"
::ffff:103.135.101.190/128,"HK","Hong Kong"
::ffff:103.139.44.45/128,"VN","Viet Nam"
::ffff:103.142.120.185/128,"IN","India"
::ffff:103.144.178.26/128,"ID","Indonesia"
::ffff:103.147.185.223/128,"VN","Viet Nam"
::ffff:103.149.249.29/128,"HK","Hong Kong"
::ffff:103.152.238.29/128,"ID","Indonesia"
::ffff:103.155.167.26/128,"ID","Indonesia"
::ffff:103.157.79.194/127,"ID","Indonesia"
::ffff:103.161.18.13/128,"VN","Viet Nam"
::ffff:103.164.92.186/128,"BD","Bangladesh"
::ffff:103.167.34.112/128,"ID","Indonesia"
::ffff:103.168.3.126/128,"IN","India"
::ffff:103.171.73.80/128,"IN","India"
::ffff:103.172.65.142/128,"VN","Viet Nam"
::ffff:103.175.237.232/128,"ID","Indonesia"
::ffff:103.178.65.44/128,"IN","India"
::ffff:103.180.174.206/128,"IN","India"
::ffff:103.182.18.126/128,"VN","Viet Nam"
::ffff:103.184.50.66/128,"ID","Indonesia"
::ffff:103.188.168.46/128,"ID","Indonesia"
::ffff:103.192.173.92/126,"AU","Australia"
::ffff:103.197.184.129/128,"VN","Viet Nam"
::ffff:103.204.32.35/128,"PK","Pakistan"
::ffff:103.207.76.62/128,"NZ","New Zealand"
::ffff:103.214.8.230/128,"VN","Viet Nam"
::ffff:103.217.82.54/128,"IN","India"
::ffff:103.221.74.8/128,"IN","India"
::ffff:103.228.242.212/128,"ID","Indonesia"
::ffff:103.232.124.242/128,"IN","India"
::ffff:103.237.157.48/128,"IN","India"
::ffff:103.242.117.179/128,"IN","India"
::ffff:103.250.52.2/128,"HK","Hong Kong"
::ffff:104.36.84.103/128,"US","United States of America"
::ffff:104.129.38.92/128,"US","United States of America"
::ffff:104.140.22.194/127,"US","United States of America"
::ffff:104.144.37.83/128,"US","United States of America"
::ffff:104.144.109.164/128,"US","United States of America"
::ffff:104.144.166.249/128,"US","United States of America"
::ffff:104.144.241.129/128,"US","United States of America"
::ffff:104.148.93.80/128,"US","United States of America"
::ffff:104.160.8.117/128,"US","United States of America"
::ffff:104.164.214.4/128,"US","United States of America"
::ffff:104.167.27.124/128,"DE","Germany"
::ffff:104.168.91.222/128,"US","United States of America"
::ffff:104.171.142.74/128,"US","United States of America"
::ffff:104.196.115.246/128,"US","United States of America"
::ffff:104.207.35.218/127,"DE","Germany"
::ffff:104.207.44.96/128,"DE","Germany"
::ffff:104.207.52.178/127,"DE","Germany"
::ffff:104.207.61.11/128,"DE","Germany"
::ffff:104.216.122.16/128,"GB","United Kingdom of Great Britain and Northern Ireland"
::ffff:104.223.32.148/128,"US","United States of America"
::ffff:104.223.227.87/128,"US","United States of America"
::ffff:104.227.12.40/128,"US","United States of America"
::ffff:104.227.100.206/128,"US","United States of America"
::ffff:104.227.228.17/128,"US","United States of America"
::ffff:104.234.254.4/128,"US","United States of America"
::ffff:104.238.4.226/128,"PL","Poland"
::ffff:104.239.86.67/128,"CZ","Czechia"
::ffff:104.247.199.16/128,"US","United States of America"
::ffff:104.248.156.200/128,"SG","Singapore"
::ffff:104.249.61.230/127,"ES","Spain"
::ffff:104.252.50.126/128,"CZ","Czechia"
::ffff:104.253.82.56/127,"DK","Denmark"
::ffff:105.19.63.242/128,"ZA","South Africa"
::ffff:106.0.55.138/128,"BD","Bangladesh"
::ffff:106.14.125.233/128,"CN","China"
::ffff:106.14.243.149/128,"CN","China"
::ffff:106.53.55.95/128,"CN","China"
::ffff:106.75.140.53/128,"CN","China"
::ffff:107.150.31.32/128,"US","United States of America"
::ffff:107.152.165.230/128,"US","United States of America"
::ffff:107.152.236.203/128,"US","United States of America"
::ffff:107.155.232.60/128,"US","United States of America"
::ffff:107.161.118.226/128,"US","United States of America"
::ffff:107.172.6.172/128,"US","United States of America"
::ffff:107.172.59.130/128,"US","United States of America"
::ffff:107.172.178.216/127,"US","United States of America"
::ffff:107.172.235.240/128,"US","United States of America"
::ffff:107.173.60.228/127,"US","United States of America"
::ffff:107.173.137.19/128,"US","United States of America"
::ffff:107.173.223.165/128,"US","United States of America"
::ffff:107.174.30.150/128,"US","United States of America"
::ffff:107.174.123.103/128,"US","United States of America"
::ffff:107.174.248.135/128,"US","United States of America"
::ffff:107.175.155.219/128,"US","United States of America"
::ffff:107.179.51.188/128,"US","United States of America"
::ffff:107.181.132.56/128,"GB","United Kingdom of Great Britain and Northern Ireland"
::ffff:107.182.6.205/128,"US","United States of America"
::ffff:108.61.158.107/128,"US","United States of America"
::ffff:108.165.38.210/128,"US","United States of America"
::ffff:108.165.245.151/128,"US","United States of America"
::ffff:109.68.210.153/128,"RU","Russian Federation"
::ffff:109.104.254.11/128,"IT","Italy"
::ffff:109.110.66.230/128,"UA","Ukraine"
::ffff:109.110.90.200/127,"UA","Ukraine"
::ffff:109.122.42.60/128,"BR","Brazil"
::ffff:109.160.113.177/128,"BG","Bulgaria"
::ffff:109.170.225.133/128,"GB","United Kingdom of Great Britain and Northern Ireland"
::ffff:109.196.141.177/128,"RU","Russian Federation"
::ffff:109.200.158.123/128,"RU","Russian Federation"
::ffff:109.207.235.205/128,"RU","Russian Federation"
::ffff:109.227.124.34/128,"UA","Ukraine"
::ffff:109.229.30.170/128,"UA","Ukraine"
::ffff:109.238.101.12/128,"RU","Russian Federation"
::ffff:109.248.128.122/128,"RU","Russian Federation"
::ffff:109.248.252.190/128,"RU","Russian Federation"
::ffff:110.87.82.87/128,"CN","China"
::ffff:110.93.87.182/127,"PH","Philippines"
::ffff:110.93.207.222/127,"PK","Pakistan"
::ffff:110.232.248.22/128,"IN","India"
::ffff:111.72.197.178/128,"CN","China"
::ffff:111.119.252.154/128,"SG","Singapore"
::ffff:111.225.149.224/124,"CN","China"
::ffff:111.253.162.189/128,"TW","Taiwan (Province of China)"
::ffff:112.165.57.222/128,"KR","Korea (the Republic of)"
::ffff:113.30.148.219/128,"ES","Spain"
::ffff:113.61.218.38/128,"TW","Taiwan (Province of China)"
::ffff:113.121.39.156/128,"CN","China"
::ffff:113.223.214.63/128,"CN","China"
::ffff:114.96.218.127/128,"CN","China"
::ffff:114.106.135.177/128,"CN","China"
::ffff:114.161.8.139/128,"JP","Japan"
::ffff:114.231.45.32/128,"CN","China"
::ffff:115.23.135.65/128,"KR","Korea (the Republic of)"
::ffff:115.77.167.60/128,"VN","Viet Nam"
::ffff:115.201.127.204/128,"CN","China"
::ffff:116.62.209.193/128,"CN","China"
::ffff:116.108.36.121/128,"VN","Viet Nam"
::ffff:116.203.159.41/128,"DE","Germany"
::ffff:116.212.154.202/128,"KH","Cambodia"
::ffff:117.50.106.86/128,"CN","China"
::ffff:117.71.133.28/128,"CN","China"
::ffff:117.115.248.18/128,"CN","China"
::ffff:118.27.148.58/128,"TH","Thailand"
::ffff:118.69.26.165/128,"VN","Viet Nam"
::ffff:118.104.139.232/128,"JP","Japan"
::ffff:118.150.32.38/128,"TW","Taiwan (Province of China)"
::ffff:118.190.210.84/128,"CN","China"
::ffff:119.15.153.194/128,"BD","Bangladesh"
::ffff:119.28.77.132/128,"HK","Hong Kong"
::ffff:119.40.98.97/128,"MN","Mongolia"
::ffff:119.81.212.64/123,"NL","Netherlands (Kingdom of the)"
::ffff:119.196.161.23/128,"KR","Korea (the Republic of)"
::ffff:119.252.197.155/128,"IN","India"
::ffff:120.24.47.191/128,"CN","China"
::ffff:120.27.240.113/128,"CN","China"
::ffff:120.78.7.183/128,"CN","China"
::ffff:120.132.52.210/128,"CN","China"
::ffff:121.41.59.145/128,"CN","China"
::ffff:121.128.5.143/128,"KR","Korea (the Republic of)"
::ffff:121.159.110.224/128,"KR","Korea (the Republic of)"
::ffff:121.191.12.142/128,"KR","Korea (the Republic of)"
::ffff:121.230.210.60/128,"CN","China"
::ffff:122.112.229.214/128,"CN","China"
::ffff:122.247.90.175/128,"CN","China"
::ffff:123.108.94.203/128,"PK","Pakistan"
::ffff:123.206.34.205/128,"CN","China"
::ffff:124.16.113.42/128,"CN","China"
::ffff:124.121.117.55/128,"TH","Thailand"
::ffff:124.205.153.126/128,"CN","China"
::ffff:125.5.76.229/128,"PH","Philippines"
::ffff:125.87.84.44/127,"CN","China"
::ffff:125.87.93.170/128,"CN","China"
::ffff:125.228.94.199/128,"TW","Taiwan (Province of China)"
::ffff:126.209.50.94/128,"PH","Philippines"
::ffff:128.90.220.190/128,"US","United States of America"
::ffff:128.90.247.180/128,"US","United States of America"
::ffff:128.199.87.217/128,"SG","Singapore"
::ffff:128.199.170.196/128,"SG","Singapore"
::ffff:128.199.245.191/128,"SG","Singapore"
::ffff:129.151.210.94/128,"SE","Sweden"
::ffff:129.213.117.41/128,"US","United States of America"
::ffff:130.61.159.17/128,"DE","Germany"
::ffff:130.162.135.136/128,"KR","Korea (the Republic of)"
::ffff:131.100.224.34/128,"BR","Brazil"
::ffff:132.145.15.209/128,"GB","United Kingdom of Great Britain and Northern Ireland"
::ffff:132.255.135.108/128,"US","United States of America"
::ffff:133.46.150.88/128,"JP","Japan"
::ffff:133.203.93.122/128,"JP","Japan"
::ffff:134.73.3.2/128,"US","United States of America"
::ffff:134.73.109.155/128,"US","United States of America"
::ffff:134.122.81.231/128,"DE","Germany"
::ffff:134.202.26.30/128,"NL","Netherlands (Kingdom of the)"
::ffff:134.209.108.238/128,"SG","Singapore"
::ffff:134.209.254.184/127,"DE","Germany"
::ffff:135.181.22.78/128,"FI","Finland"
::ffff:136.0.109.44/128,"US","United States of America"
::ffff:136.23.1.241/128,"IL","Israel"
::ffff:136.243.97.72/126,"DE","Germany"
::ffff:137.135.202.26/128,"IE","Ireland"
::ffff:137.220.169.167/128,"JP","Japan"
::ffff:138.68.72.12/128,"DE","Germany"
::ffff:138.117.7.180/127,"NI","Nicaragua"
::ffff:138.124.246.107/128,"SK","Slovakia"
::ffff:138.128.83.196/128,"US","United States of America"
::ffff:138.186.77.186/128,"PE","Peru"
::ffff:138.201.19.4/128,"DE","Germany"
::ffff:138.255.15.124/128,"BR","Brazil"
::ffff:139.28.87.40/128,"FR","France"
::ffff:139.59.63.144/128,"IN","India"
::ffff:139.59.187.121/128,"GB","United Kingdom of Great Britain and Northern Ireland"
::ffff:139.84.237.25/128,"ZA","South Africa"
::ffff:139.159.48.155/128,"CN","China"
::ffff:139.162.113.163/128,"JP","Japan"
::ffff:139.180.129.130/128,"SG","Singapore"
::ffff:139.196.54.3/128,"CN","China"
::ffff:139.224.11.179/128,"CN","China"
::ffff:140.82.38.103/128,"DE","Germany"
::ffff:140.143.196.158/128,"CN","China"
::ffff:140.235.2.177/128,"US","United States of America"
::ffff:140.250.144.18/128,"CN","China"
::ffff:141.7.114.220/127,"DE","Germany"
::ffff:141.11.175.108/128,"HK","Hong Kong"
::ffff:141.98.68.118/128,"SG","Singapore"
::ffff:141.98.156.0/120,"US","United States of America"
::ffff:141.144.246.33/128,"DE","Germany"
::ffff:142.44.108.230/128,"US","United States of America"
::ffff:142.93.79.106/128,"US","United States of America"
::ffff:142.93.234.51/128,"NL","Netherlands (Kingdom of the)"
::ffff:142.111.111.152/128,"CZ","Czechia"
::ffff:142.171.166.111/128,"US","United States of America"
::ffff:142.214.175.72/128,"US","United States of America"
::ffff:142.252.136.4/128,"US","United States of America"
::ffff:143.44.196.64/128,"PH","Philippines"
::ffff:143.137.165.180/128,"US","United States of America"
::ffff:143.198.178.134/128,"US","United States of America"
::ffff:144.24.142.165/128,"IN","India"
::ffff:144.126.146.147/128,"US","United States of America"
::ffff:144.168.158.195/128,"US","United States of America"
::ffff:144.168.236.111/128,"US","United States of America"
::ffff:144.202.40.227/128,"US","United States of America"
::ffff:144.217.241.27/128,"CA","Canada"
::ffff:145.90.48.89/128,"NL","Netherlands (Kingdom of the)"
::ffff:145.223.46.135/128,"GB","United Kingdom of Great Britain and Northern Ireland"
::ffff:145.249.109.59/128,"ES","Spain"
::ffff:146.56.170.127/128,"KR","Korea (the Republic of)"
::ffff:146.70.55.0/120,"BE","Belgium"
::ffff:146.120.92.87/128,"KZ","Kazakhstan"
::ffff:146.174.163.161/128,"SG","Singapore"
::ffff:146.185.204.234/128,"US","United States of America"
::ffff:146.196.109.209/128,"ID","Indonesia"
::ffff:147.45.116.72/128,"BR","Brazil"
::ffff:147.78.66.153/128,"RU","Russian Federation"
::ffff:147.79.120.103/128,"US","United States of America"
::ffff:147.139.169.145/128,"ID","Indonesia"
::ffff:147.185.250.102/128,"CH","Switzerland"
::ffff:148.70.204.210/128,"CN","China"
::ffff:148.222.137.168/127,"DO","Dominican Republic"
::ffff:149.12.187.9/128,"GB","United Kingdom of Great Britain and Northern Ireland"
::ffff:149.18.170.56/127,"US","United States of America"
::ffff:149.28.82.6/128,"US","United States of America"
::ffff:149.28.220.54/128,"US","United States of America"
::ffff:149.51.7.28/128,"NL","Netherlands (Kingdom of the)"
::ffff:149.57.75.5/128,"US","United States of America"
::ffff:149.104.237.9/128,"AU","Australia"
::ffff:149.129.97.46/128,"HK","Hong Kong"
::ffff:149.154.176.196/128,"ES","Spain"
::ffff:150.9.96.50/128,"JP","Japan"
::ffff:150.109.203.146/128,"JP","Japan"
::ffff:150.136.37.179/128,"US","United States of America"
::ffff:150.158.138.20/128,"CN","China"
::ffff:151.80.248.198/128,"FR","France"
::ffff:151.237.38.195/128,"BG","Bulgaria"
::ffff:151.248.20.62/128,"ES","Spain"
::ffff:152.42.183.208/128,"SG","Singapore"
::ffff:152.53.170.146/128,"US","United States of America"
::ffff:152.67.76.231/128,"CH","Switzerland"
::ffff:152.70.109.12/128,"JP","Japan"
::ffff:152.110.23.192/128,"ZA","South Africa"
::ffff:152.110.78.38/128,"ZA","South Africa"
::ffff:152.110.194.71/128,"ZA","South Africa"
::ffff:152.110.252.73/128,"ZA","South Africa"
::ffff:153.126.154.100/128,"JP","Japan"
::ffff:154.6.16.42/128,"BE","Belgium"
::ffff:154.6.98.174/128,"NL","Netherlands (Kingdom of the)"
::ffff:154.7.8.150/128,"US","United States of America"
::ffff:154.9.101.86/127,"RO","Romania"
::ffff:154.9.123.92/126,"RO","Romania"
::ffff:154.12.109.139/128,"US","United States of America"
::ffff:154.12.205.187/128,"US","United States of America"
::ffff:154.16.171.168/126,"US","United States of America"
::ffff:154.21.41.232/125,"CA","Canada"
::ffff:154.28.131.76/128,"US","United States of America"
::ffff:154.30.166.242/128,"US","United States of America"
::ffff:154.30.178.16/128,"US","United States of America"
::ffff:154.38.16.214/128,"CA","Canada"
::ffff:154.38.242.17/128,"HK","Hong Kong"
::ffff:154.49.101.194/127,"GB","United Kingdom of Great Britain and Northern Ireland"
::ffff:154.57.223.136/128,"PK","Pakistan"
::ffff:154.70.228.67/128,"ZA","South Africa"
::ffff:154.84.1.158/128,"NL","Netherlands (Kingdom of the)"
::ffff:154.88.176.114/128,"DO","Dominican Republic"
::ffff:154.113.70.114/128,"NG","Nigeria"
::ffff:154.197.128.216/128,"US","United States of America"
::ffff:154.197.243.174/128,"US","United States of America"
::ffff:154.201.42.24/128,"PE","Peru"
::ffff:154.201.60.40/128,"PE","Peru"
::ffff:154.202.99.100/128,"US","United States of America"
::ffff:154.202.111.249/128,"US","United States of America"
::ffff:154.202.120.76/128,"US","United States of America"
::ffff:154.204.51.0/120,"SG","Singapore"
::ffff:154.220.170.0/119,"HK","Hong Kong"
::ffff:155.94.216.100/128,"US","United States of America"
::ffff:155.138.192.23/128,"US","United States of America"
::ffff:155.254.49.204/128,"GB","United Kingdom of Great Britain and Northern Ireland"
::ffff:156.225.64.102/128,"US","United States of America"
::ffff:156.238.159.176/128,"US","United States of America"
::ffff:156.239.15.6/128,"US","United States of America"
::ffff:156.239.47.249/128,"DE","Germany"
::ffff:156.239.59.60/128,"US","United States of America"
::ffff:156.241.223.122/128,"US","United States of America"
::ffff:156.248.91.60/128,"US","United States of America"
::ffff:156.252.172.204/128,"US","United States of America"
::ffff:156.255.25.52/128,"FR","France"
::ffff:157.52.155.13/128,"US","United States of America"
::ffff:157.52.239.96/128,"US","United States of America"
::ffff:157.119.86.26/128,"IN","India"
::ffff:157.230.59.29/128,"US","United States of America"
::ffff:157.245.10.15/128,"US","United States of America"
::ffff:157.245.153.169/128,"SG","Singapore"
::ffff:157.254.227.57/128,"US","United States of America"
::ffff:158.101.146.81/128,"JP","Japan"
::ffff:158.181.141.156/128,"KG","Kyrgyzstan"
::ffff:158.181.221.112/128,"KG","Kyrgyzstan"
::ffff:158.255.212.247/128,"AT","Austria"
::ffff:159.65.121.70/128,"DE","Germany"
::ffff:159.69.106.103/128,"DE","Germany"
::ffff:159.89.170.1/128,"IN","India"
::ffff:159.138.109.138/128,"SG","Singapore"
::ffff:159.203.121.178/128,"US","United States of America"
::ffff:159.223.103.0/128,"US","United States of America"
::ffff:160.16.84.79/128,"JP","Japan"
::ffff:160.116.70.203/128,"ZA","South Africa"
::ffff:160.116.93.35/128,"ZA","South Africa"
::ffff:160.116.245.212/128,"ZA","South Africa"
::ffff:160.187.117.70/128,"BD","Bangladesh"
::ffff:161.0.29.254/128,"US","United States of America"
::ffff:161.35.132.144/128,"US","United States of America"
::ffff:161.97.172.185/128,"DE","Germany"
::ffff:162.19.99.216/128,"FR","France"
::ffff:162.120.139.72/125,"MX","Mexico"
::ffff:162.120.202.219/128,"LC","Saint Lucia"
::ffff:162.144.106.114/128,"US","United States of America"
::ffff:162.220.246.149/128,"GB","United Kingdom of Great Britain and Northern Ireland"
::ffff:162.243.146.243/128,"US","United States of America"
::ffff:162.252.58.171/128,"US","United States of America"
::ffff:163.47.210.73/128,"IN","India"
::ffff:163.172.120.63/128,"FR","France"
::ffff:163.172.219.130/128,"NL","Netherlands (Kingdom of the)"
::ffff:164.92.66.244/128,"US","United States of America"
::ffff:164.163.42.2/127,"AR","Argentina"
::ffff:164.215.254.10/128,"IR","Iran (Islamic Republic of)"
::ffff:165.22.110.189/128,"SG","Singapore"
::ffff:165.73.124.66/128,"ZA","South Africa"
::ffff:165.227.65.1/128,"US","United States of America"
::ffff:165.227.212.236/128,"US","United States of America"
::ffff:166.0.7.205/128,"NL","Netherlands (Kingdom of the)"
::ffff:166.88.3.228/128,"US","United States of America"
::ffff:166.88.118.133/128,"CZ","Czechia"
::ffff:166.88.224.58/128,"US","United States of America"
::ffff:167.71.63.249/128,"DE","Germany"
::ffff:167.71.209.8/128,"SG","Singapore"
::ffff:167.99.0.181/128,"US","United States of America"
::ffff:167.99.204.197/128,"GB","United Kingdom of Great Britain and Northern Ireland"
::ffff:167.172.36.48/128,"NL","Netherlands (Kingdom of the)"
::ffff:167.172.225.222/128,"US","United States of America"
::ffff:167.235.21.78/128,"DE","Germany"
::ffff:168.80.59.168/128,"SC","Seychelles"
::ffff:168.80.179.124/128,"SC","Seychelles"
::ffff:168.81.31.204/128,"SC","Seychelles"
::ffff:168.81.125.239/128,"SC","Seychelles"
::ffff:168.92.211.129/128,"US","United States of America"
::ffff:168.149.131.148/128,"CA","Canada"
::ffff:168.151.111.198/127,"US","United States of America"
::ffff:168.151.209.24/127,"US","United States of America"
::ffff:168.199.233.0/120,"IE","Ireland"
::ffff:168.206.42.112/124,"ZA","South Africa"
::ffff:168.206.67.0/122,"ZA","South Africa"
::ffff:168.206.89.108/127,"ZA","South Africa"
::ffff:168.206.98.244/127,"ZA","South Africa"
::ffff:168.206.111.150/128,"HK","Hong Kong"
::ffff:168.206.163.96/126,"ZA","South Africa"
::ffff:168.206.199.200/125,"ZA","South Africa"
::ffff:168.206.219.243/128,"ZA","South Africa"
::ffff:168.206.235.219/128,"ZA","South Africa"
::ffff:168.206.245.64/128,"ZA","South Africa"
::ffff:168.210.73.230/128,"ZA","South Africa"
::ffff:168.210.125.149/128,"ZA","South Africa"
::ffff:168.210.218.110/128,"ZA","South Africa"
::ffff:169.0.95.141/128,"ZA","South Africa"
::ffff:169.1.254.63/128,"ZA","South Africa"
::ffff:170.4.42.16/128,"US","United States of America"
::ffff:170.64.214.250/128,"AU","Australia"
::ffff:170.106.178.57/128,"US","United States of America"
::ffff:170.231.250.245/128,"CA","Canada"
::ffff:170.246.54.66/127,"CA","Canada"
::ffff:171.5.147.182/128,"TH","Thailand"
::ffff:171.41.130.136/128,"CN","China"
::ffff:171.247.240.242/128,"VN","Viet Nam"
::ffff:172.93.122.91/128,"US","United States of America"
::ffff:172.98.168.26/128,"DE","Germany"
::ffff:172.106.104.143/128,"SG","Singapore"
::ffff:172.121.147.204/128,"IT","Italy"
::ffff:172.207.94.150/128,"JP","Japan"
::ffff:172.240.192.76/127,"US","United States of America"
::ffff:172.245.28.206/128,"US","United States of America"
::ffff:172.245.171.232/128,"US","United States of America"
::ffff:173.0.9.146/128,"US","United States of America"
::ffff:173.165.37.90/128,"US","United States of America"
::ffff:173.211.16.106/128,"US","United States of America"
::ffff:173.215.118.27/128,"US","United States of America"
::ffff:173.234.227.240/128,"US","United States of America"
::ffff:173.236.183.38/128,"US","United States of America"
::ffff:173.239.217.144/125,"AD","Andorra"
::ffff:173.249.27.240/128,"FR","France"
::ffff:174.138.21.249/128,"SG","Singapore"
::ffff:175.45.203.106/128,"KR","Korea (the Republic of)"
::ffff:175.202.131.46/128,"KR","Korea (the Republic of)"
::ffff:176.10.83.34/127,"US","United States of America"
::ffff:176.35.52.207/128,"GB","United Kingdom of Great Britain and Northern Ireland"
::ffff:176.49.198.121/128,"RU","Russian Federation"
::ffff:176.57.208.120/128,"RU","Russian Federation"
::ffff:176.65.61.108/128,"RU","Russian Federation"
::ffff:176.96.239.131/128,"UA","Ukraine"
::ffff:176.101.60.21/128,"VA","Holy See"
::ffff:176.101.201.104/128,"UA","Ukraine"
::ffff:176.101.216.1/128,"UA","Ukraine"
::ffff:176.102.19.102/128,"RU","Russian Federation"
::ffff:176.105.2.61/128,"UA","Ukraine"
::ffff:176.106.150.172/128,"RU","Russian Federation"
::ffff:176.107.194.204/128,"UA","Ukraine"
::ffff:176.115.245.159/128,"PL","Poland"
::ffff:176.120.51.53/128,"UA","Ukraine"
::ffff:176.123.224.220/128,"KG","Kyrgyzstan"
::ffff:176.126.123.175/128,"UA","Ukraine"
::ffff:177.36.178.84/128,"BR","Brazil"
::ffff:177.75.165.34/128,"BR","Brazil"
::ffff:177.201.198.163/128,"US","United States of America"
::ffff:178.21.25.119/128,"RU","Russian Federation"
::ffff:178.33.166.60/128,"FR","France"
::ffff:178.34.116.168/128,"RU","Russian Federation"
::ffff:178.54.201.73/128,"UA","Ukraine"
::ffff:178.62.67.75/128,"GB","United Kingdom of Great Britain and Northern Ireland"
::ffff:178.63.142.215/128,"DE","Germany"
::ffff:178.79.147.146/128,"GB","United Kingdom of Great Britain and Northern Ireland"
::ffff:178.128.83.219/128,"SG","Singapore"
::ffff:178.128.200.62/128,"DE","Germany"
::ffff:178.159.34.4/128,"UA","Ukraine"
::ffff:178.163.16.76/128,"RU","Russian Federation"
::ffff:178.163.60.255/128,"RU","Russian Federation"
::ffff:178.169.88.18/128,"RU","Russian Federation"
::ffff:178.173.106.62/128,"RU","Russian Federation"
::ffff:178.212.63.13/128,"GB","United Kingdom of Great Britain and Northern Ireland"
::ffff:178.215.167.128/128,"UA","Ukraine"
::ffff:178.217.204.110/128,"RU","Russian Federation"
::ffff:178.251.104.139/128,"UA","Ukraine"
::ffff:178.255.42.98/128,"PL","Poland"
::ffff:179.60.149.230/127,"NI","Nicaragua"
::ffff:179.63.54.43/128,"AR","Argentina"
::ffff:180.112.182.102/128,"CN","China"
::ffff:180.191.20.32/128,"PH","Philippines"
::ffff:181.16.193.6/128,"AR","Argentina"
::ffff:181.94.248.28/128,"PY","Paraguay"
::ffff:181.191.24.253/128,"AR","Argentina"
::ffff:181.214.136.232/128,"JP","Japan"
::ffff:181.215.132.174/128,"RO","Romania"
::ffff:181.215.241.12/128,"DO","Dominican Republic"
::ffff:182.52.114.148/128,"TH","Thailand"
::ffff:182.155.54.109/128,"TW","Taiwan (Province of China)"
::ffff:182.155.175.162/128,"TW","Taiwan (Province of China)"
::ffff:182.161.69.98/128,"HK","Hong Kong"
::ffff:183.60.141.17/128,"CN","China"
::ffff:183.164.226.85/128,"CN","China"
::ffff:183.166.132.16/128,"CN","China"
::ffff:184.22.232.154/128,"TH","Thailand"
::ffff:184.168.18.210/128,"US","United States of America"
::ffff:184.174.44.224/128,"US","United States of America"
::ffff:185.3.145.58/128,"IL","Israel"
::ffff:185.9.186.210/128,"RU","Russian Federation"
::ffff:185.13.43.232/126,"AU","Australia"
::ffff:185.16.31.40/128,"UA","Ukraine"
::ffff:185.20.138.103/128,"FI","Finland"
::ffff:185.26.34.77/128,"IR","Iran (Islamic Republic of)"
::ffff:185.30.47.250/128,"IT","Italy"
::ffff:185.37.230.46/128,"ES","Spain"
::ffff:185.43.113.5/128,"SK","Slovakia"
::ffff:185.48.248.110/128,"SK","Slovakia"
::ffff:185.55.111.68/128,"NL","Netherlands (Kingdom of the)"
::ffff:185.61.218.155/128,"FR","France"
::ffff:185.63.97.15/128,"CZ","Czechia"
::ffff:185.68.155.54/128,"FI","Finland"
::ffff:185.71.141.33/128,"PS","Palestine, State of"
::ffff:185.77.223.40/128,"US","United States of America"
::ffff:185.81.144.38/128,"BR","Brazil"
::ffff:185.84.146.225/128,"BA","Bosnia and Herzegovina"
::ffff:185.88.102.42/128,"AU","Australia"
::ffff:185.91.189.116/128,"IT","Italy"
::ffff:185.94.33.152/127,"US","United States of America"
::ffff:185.96.30.74/128,"UA","Ukraine"
::ffff:185.99.157.162/128,"RU","Russian Federation"
::ffff:185.102.49.169/128,"DE","Germany"
::ffff:185.103.165.148/128,"RU","Russian Federation"
::ffff:185.105.90.130/128,"RU","Russian Federation"
::ffff:185.108.208.38/127,"RU","Russian Federation"
::ffff:185.111.164.122/128,"UA","Ukraine"
::ffff:185.113.79.41/128,"UA","Ukraine"
::ffff:185.118.7.86/128,"RO","Romania"
::ffff:185.122.255.2/127,"IQ","Iraq"
::ffff:185.124.230.251/128,"RU","Russian Federation"
::ffff:185.128.64.215/128,"FR","France"
::ffff:185.129.199.241/128,"IR","Iran (Islamic Republic of)"
::ffff:185.130.44.0/122,"SE","Sweden"
::ffff:185.133.225.22/128,"IQ","Iraq"
::ffff:185.135.252.219/128,"CA","Canada"
::ffff:185.139.155.192/124,"SE","Sweden"
::ffff:185.140.163.110/127,"RU","Russian Federation"
::ffff:185.142.96.231/128,"RU","Russian Federation"
::ffff:185.143.14.162/127,"CZ","Czechia"
::ffff:185.145.219.252/127,"LT","Lithuania"
::ffff:185.151.25.95/128,"IT","Italy"
::ffff:185.156.46.0/120,"US","United States of America"
::ffff:185.161.171.59/128,"FR","France"
::ffff:185.163.17.76/127,"SE","Sweden"
::ffff:185.165.169.165/128,"RO","Romania"
::ffff:185.169.154.88/128,"RU","Russian Federation"
::ffff:185.174.102.97/128,"US","United States of America"
::ffff:185.177.112.251/128,"RU","Russian Federation"
::ffff:185.181.245.222/128,"RU","Russian Federation"
::ffff:185.186.67.116/128,"US","United States of America"
::ffff:185.190.92.12/128,"GB","United Kingdom of Great Britain and Northern Ireland"
::ffff:185.194.11.2/128,"IQ","Iraq"
::ffff:185.196.96.177/128,"SG","Singapore"
::ffff:185.200.177.164/128,"NL","Netherlands (Kingdom of the)"
::ffff:185.202.168.220/127,"US","United States of America"
::ffff:185.205.144.104/128,"UA","Ukraine"
::ffff:185.207.211.234/128,"DE","Germany"
::ffff:185.212.9.249/128,"MD","Moldova (the Republic of)"
::ffff:185.215.166.31/128,"DE","Germany"
::ffff:185.218.149.115/128,"GB","United Kingdom of Great Britain and Northern Ireland"
::ffff:185.222.236.48/128,"RU","Russian Federation"
::ffff:185.225.18.12/128,"RO","Romania"
::ffff:185.230.240.226/127,"RU","Russian Federation"
::ffff:185.234.126.107/128,"PT","Portugal"
::ffff:185.238.105.54/128,"RU","Russian Federation"
::ffff:185.242.93.83/128,"FR","France"
::ffff:185.244.183.237/128,"RU","Russian Federation"
::ffff:185.248.223.48/128,"GB","United Kingdom of Great Britain and Northern Ireland"
::ffff:185.253.154.145/128,"ES","Spain"
::ffff:186.67.47.23/128,"CL","Chile"
::ffff:186.233.185.240/128,"US","United States of America"
::ffff:187.249.0.38/128,"MX","Mexico"
::ffff:188.40.243.190/128,"DE","Germany"
::ffff:188.72.44.123/128,"IQ","Iraq"
::ffff:188.74.238.0/121,"US","United States of America"
::ffff:188.114.216.142/128,"UA","Ukraine"
::ffff:188.121.104.234/128,"IR","Iran (Islamic Republic of)"
::ffff:188.127.37.225/128,"KZ","Kazakhstan"
::ffff:188.130.187.238/128,"RU","Russian Federation"
::ffff:188.136.167.33/128,"IR","Iran (Islamic Republic of)"
::ffff:188.165.224.186/128,"FR","France"
::ffff:188.166.221.103/128,"SG","Singapore"
::ffff:188.190.188.24/128,"UA","Ukraine"
::ffff:188.215.7.2/128,"IT","Italy"
::ffff:188.239.40.76/128,"SG","Singapore"
::ffff:188.253.114.220/128,"HK","Hong Kong"
::ffff:190.0.242.251/128,"CO","Colombia"
::ffff:190.52.204.218/128,"EC","Ecuador"
::ffff:190.90.39.74/128,"CO","Colombia"
::ffff:190.103.177.164/127,"AR","Argentina"
::ffff:190.119.40.43/128,"PE","Peru"
::ffff:190.239.220.16/128,"PE","Peru"
::ffff:191.96.29.151/128,"DE","Germany"
::ffff:191.97.73.22/128,"AR","Argentina"
::ffff:191.101.149.0/120,"JP","Japan"
::ffff:191.102.161.59/128,"US","United States of America"
::ffff:191.235.83.168/128,"BR","Brazil"
::ffff:192.3.48.197/128,"US","United States of America"
::ffff:192.3.227.71/128,"US","United States of America"
::ffff:192.53.113.197/128,"SG","Singapore"
::ffff:192.71.218.97/128,"IS","Iceland"
::ffff:192.109.165.142/128,"US","United States of America"
::ffff:192.142.35.210/127,"NL","Netherlands (Kingdom of the)"
::ffff:192.145.226.59/128,"PL","Poland"
::ffff:192.161.163.212/127,"US","United States of America"
::ffff:192.176.24.0/120,"SE","Sweden"
::ffff:192.177.142.59/128,"DE","Germany"
::ffff:192.177.169.189/128,"US","United States of America"
::ffff:192.186.56.174/128,"US","United States of America"
::ffff:192.210.159.120/128,"US","United States of America"
::ffff:192.227.131.177/128,"US","United States of America"
::ffff:192.240.123.117/128,"US","United States of America"
::ffff:193.0.207.221/128,"UA","Ukraine"
::ffff:193.22.231.64/128,"RU","Russian Federation"
::ffff:193.31.206.164/128,"KZ","Kazakhstan"
::ffff:193.36.118.246/127,"GB","United Kingdom of Great Britain and Northern Ireland"
::ffff:193.38.53.0/120,"IL","Israel"
::ffff:193.56.20.240/128,"US","United States of America"
::ffff:193.70.57.242/128,"FR","France"
::ffff:193.106.59.112/128,"UA","Ukraine"
::ffff:193.111.116.176/127,"SE","Sweden"
::ffff:193.117.248.42/128,"GB","United Kingdom of Great Britain and Northern Ireland"
::ffff:193.142.39.233/128,"US","United States of America"
::ffff:193.160.209.30/128,"RU","Russian Federation"
::ffff:193.176.158.149/128,"FR","France"
::ffff:193.187.94.48/128,"US","United States of America"
::ffff:193.194.110.180/128,"UA","Ukraine"
::ffff:193.202.13.168/127,"US","United States of America"
::ffff:193.202.85.58/128,"US","United States of America"
::ffff:193.223.64.82/128,"PL","Poland"
::ffff:193.233.133.104/125,"FR","France"
::ffff:193.246.148.180/128,"UA","Ukraine"
::ffff:194.9.226.65/128,"RU","Russian Federation"
::ffff:194.28.155.111/128,"RU","Russian Federation"
::ffff:194.33.39.207/128,"RU","Russian Federation"
::ffff:194.38.28.144/127,"GB","United Kingdom of Great Britain and Northern Ireland"
::ffff:194.59.6.15/128,"DE","Germany"
::ffff:194.76.33.193/128,"US","United States of America"
::ffff:194.87.52.90/128,"CZ","Czechia"
::ffff:194.93.39.158/128,"US","United States of America"
::ffff:194.104.8.30/128,"CA","Canada"
::ffff:194.110.207.52/128,"NO","Norway"
::ffff:194.124.76.61/128,"US","United States of America"
::ffff:194.147.110.23/128,"UZ","Uzbekistan"
::ffff:194.163.167.239/128,"DE","Germany"
::ffff:194.182.83.11/128,"CZ","Czechia"
::ffff:194.242.99.182/127,"UA","Ukraine"
::ffff:195.19.1.102/127,"NL","Netherlands (Kingdom of the)"
::ffff:195.54.43.226/128,"UA","Ukraine"
::ffff:195.64.252.2/128,"UA","Ukraine"
::ffff:195.93.253.204/128,"NL","Netherlands (Kingdom of the)"
::ffff:195.133.58.163/128,"MX","Mexico"
::ffff:195.147.109.169/128,"GB","United Kingdom of Great Britain and Northern Ireland"
::ffff:195.178.192.210/128,"RU","Russian Federation"
::ffff:195.201.139.22/128,"DE","Germany"
::ffff:195.211.254.155/128,"RU","Russian Federation"
::ffff:195.225.48.65/128,"UA","Ukraine"
::ffff:196.16.108.0/118,"AU","Australia"
::ffff:196.39.10.31/128,"ZA","South Africa"
::ffff:196.39.53.44/128,"ZA","South Africa"
::ffff:196.39.85.16/128,"ZA","South Africa"
::ffff:196.39.213.202/128,"ZA","South Africa"
::ffff:196.51.22.242/128,"US","United States of America"
::ffff:196.51.92.222/128,"US","United States of America"
::ffff:196.51.157.45/128,"US","United States of America"
::ffff:196.51.237.107/128,"ZA","South Africa"
::ffff:196.196.48.20/126,"SC","Seychelles"
::ffff:196.208.35.96/128,"ZA","South Africa"
::ffff:196.210.27.125/128,"ZA","South Africa"
::ffff:196.210.78.109/128,"ZA","South Africa"
::ffff:196.210.184.169/128,"ZA","South Africa"
::ffff:196.241.20.0/118,"GB","United Kingdom of Great Britain and Northern Ireland"
::ffff:196.251.80.92/128,"NL","Netherlands (Kingdom of the)"
::ffff:197.90.83.33/128,"ZA","South Africa"
::ffff:197.90.134.177/128,"ZA","South Africa"
::ffff:197.90.166.227/128,"ZA","South Africa"
::ffff:197.90.247.234/128,"ZA","South Africa"
::ffff:197.92.2.199/128,"ZA","South Africa"
::ffff:197.92.173.160/128,"ZA","South Africa"
::ffff:197.94.67.44/128,"ZA","South Africa"
::ffff:197.94.95.28/128,"ZA","South Africa"
::ffff:197.94.238.197/128,"ZA","South Africa"
::ffff:197.98.237.9/128,"ZA","South Africa"
::ffff:197.99.134.35/128,"ZA","South Africa"
::ffff:197.101.92.207/128,"ZA","South Africa"
::ffff:197.159.72.234/128,"NG","Nigeria"
::ffff:198.12.123.155/128,"US","United States of America"
::ffff:198.23.214.82/128,"US","United States of America"
::ffff:198.37.121.75/128,"US","United States of America"
::ffff:198.46.161.160/128,"US","United States of America"
::ffff:198.50.143.191/128,"CA","Canada"
::ffff:198.56.3.154/127,"RO","Romania"
::ffff:198.66.222.156/128,"US","United States of America"
::ffff:198.102.10.140/128,"US","United States of America"
::ffff:198.143.183.3/128,"US","United States of America"
::ffff:198.182.97.223/128,"US","United States of America"
::ffff:198.190.7.27/128,"CA","Canada"
::ffff:198.232.6.144/125,"RO","Romania"
::ffff:199.30.50.174/127,"US","United States of America"
::ffff:199.115.248.76/126,"US","United States of America"
::ffff:199.241.147.35/128,"US","United States of America"
::ffff:200.15.17.24/127,"BR","Brazil"
::ffff:200.110.149.163/128,"AR","Argentina"
::ffff:200.220.166.188/128,"US","United States of America"
::ffff:201.174.61.140/128,"MX","Mexico"
::ffff:202.6.216.138/128,"ID","Indonesia"
::ffff:202.52.36.52/128,"AU","Australia"
::ffff:202.61.204.188/128,"DE","Germany"
::ffff:202.93.13.196/128,"KH","Cambodia"
::ffff:202.138.243.42/128,"ID","Indonesia"
::ffff:202.165.75.108/128,"US","United States of America"
::ffff:202.182.117.248/128,"JP","Japan"
::ffff:203.80.164.14/128,"KH","Cambodia"
::ffff:203.128.13.61/128,"PK","Pakistan"
::ffff:203.161.179.202/128,"PK","Pakistan"
::ffff:203.205.176.219/128,"CN","China"
::ffff:203.231.148.217/128,"KR","Korea (the Republic of)"
::ffff:204.17.54.19/128,"US","United States of America"
::ffff:204.74.243.34/128,"US","United States of America"
::ffff:204.186.55.228/127,"US","United States of America"
::ffff:205.143.213.89/128,"CA","Canada"
::ffff:205.220.129.224/128,"US","United States of America"
::ffff:206.81.25.160/128,"DE","Germany"
::ffff:206.168.212.117/128,"SE","Sweden"
::ffff:206.189.85.147/128,"SG","Singapore"
::ffff:206.189.197.131/128,"US","United States of America"
::ffff:206.206.119.157/128,"US","United States of America"
::ffff:206.251.22.199/128,"US","United States of America"
::ffff:207.148.79.103/128,"SG","Singapore"
::ffff:207.200.138.38/128,"CA","Canada"
::ffff:207.244.219.136/128,"US","United States of America"
::ffff:208.64.230.58/128,"US","United States of America"
::ffff:208.87.134.254/128,"US","United States of America"
::ffff:208.113.160.161/128,"US","United States of America"
::ffff:208.115.205.42/128,"US","United States of America"
::ffff:209.35.99.0/120,"RS","Serbia"
::ffff:209.85.145.102/128,"US","United States of America"
::ffff:209.97.205.194/128,"CA","Canada"
::ffff:209.127.151.128/122,"US","United States of America"
::ffff:209.205.70.68/128,"CA","Canada"
::ffff:209.250.235.17/128,"DE","Germany"
::ffff:210.143.20.188/128,"JP","Japan"
::ffff:211.43.17.60/128,"KR","Korea (the Republic of)"
::ffff:211.211.46.63/128,"KR","Korea (the Republic of)"
::ffff:212.2.231.202/128,"KG","Kyrgyzstan"
::ffff:212.24.63.216/128,"RU","Russian Federation"
::ffff:212.47.246.21/128,"FR","France"
::ffff:212.60.20.98/128,"RU","Russian Federation"
::ffff:212.83.138.186/128,"FR","France"
::ffff:212.88.56.56/128,"GB","United Kingdom of Great Britain and Northern Ireland"
::ffff:212.98.189.140/128,"BY","Belarus"
::ffff:212.109.7.42/128,"RU","Russian Federation"
::ffff:212.114.19.113/128,"FR","France"
::ffff:212.119.44.178/128,"GB","United Kingdom of Great Britain and Northern Ireland"
::ffff:212.156.113.54/128,"TR","Turkiye"
::ffff:212.233.176.198/128,"BG","Bulgaria"
::ffff:213.39.10.101/128,"GB","United Kingdom of Great Britain and Northern Ireland"
::ffff:213.108.53.201/128,"UA","Ukraine"
::ffff:213.129.135.173/128,"CZ","Czechia"
::ffff:213.152.188.67/128,"NL","Netherlands (Kingdom of the)"
::ffff:213.182.207.58/128,"GB","United Kingdom of Great Britain and Northern Ireland"
::ffff:213.212.112.149/128,"GB","United Kingdom of Great Britain and Northern Ireland"
::ffff:213.231.172.110/128,"BG","Bulgaria"
::ffff:213.248.112.38/128,"GB","United Kingdom of Great Britain and Northern Ireland"
::ffff:216.45.56.29/128,"US","United States of America"
::ffff:216.74.115.10/128,"US","United States of America"
::ffff:216.128.98.116/128,"US","United States of America"
::ffff:216.168.18.30/127,"US","United States of America"
::ffff:216.173.105.86/128,"MX","Mexico"
::ffff:216.220.119.154/128,"US","United States of America"
::ffff:216.252.221.140/128,"US","United States of America"
::ffff:217.25.83.242/128,"RU","Russian Federation"
::ffff:217.67.52.225/128,"GB","United Kingdom of Great Britain and Northern Ireland"
::ffff:217.75.201.6/128,"BA","Bosnia and Herzegovina"
::ffff:217.115.103.3/128,"UA","Ukraine"
::ffff:217.144.98.122/128,"RU","Russian Federation"
::ffff:217.147.8.223/128,"RU","Russian Federation"
::ffff:217.170.197.30/128,"NO","Norway"
::ffff:217.177.14.22/128,"US","United States of America"
::ffff:217.194.152.0/120,"CA","Canada"
::ffff:218.148.61.9/128,"KR","Korea (the Republic of)"
::ffff:220.70.23.34/128,"KR","Korea (the Republic of)"
::ffff:220.121.254.43/128,"KR","Korea (the Republic of)"
::ffff:221.121.149.35/128,"AU","Australia"
::ffff:221.225.67.216/128,"CN","China"
::ffff:222.111.49.77/128,"KR","Korea (the Republic of)"
::ffff:223.25.110.193/128,"ID","Indonesia"
::ffff:223.205.94.125/128,"TH","Thailand"
2001:318:a00a:358:fd26:39e0::/93,"JP","Japan"
2001:708:10:6020:0:4::/94,"FI","Finland"
2001:ac8:27:20::/59,"BE","Belgium"
2001:ac8:88:5a::2000:0/99,"IE","Ireland"
2001:1b60:3:221:701:102::4000/114,"DE","Germany"
2400:d860:20:4138:15bb:43da:dd80::/106,"PK","Pakistan"
2400:fce0:4:4:ac66:cc7e:569b:8000/113,"ID","Indonesia"
2401:7000:de45:4401:4590:da00::/87,"NZ","New Zealand"
2402:fd00:111:1a93:8083:b39a:e976::/113,"PK","Pakistan"
2405:5540:3:17ef:a00::/71,"IN","India"
2405:5700:300:1cf8:3974:d000::/87,"MN","Mongolia"
2405:5700:300:6a05:217c:c15a:bd7b:4000/114,"MN","Mongolia"
2405:5700:300:96be:ed1f:8947:8174::/112,"MN","Mongolia"
2405:5700:300:c3e9:8ddb:dc37:4fa5:4000/114,"MN","Mongolia"
2405:5700:300:ead0:f0c0::/75,"MN","Mongolia"
2405:5700:301:20d9:b888:b612::/96,"MN","Mongolia"
2405:5700:301:409a:2937:6000::/84,"MN","Mongolia"
2405:5700:301:62c4:b1e6:b5ba:5000::/106,"MN","Mongolia"
2405:5700:301:9380::/57,"MN","Mongolia"
2405:5700:301:cdda:51ca:93ec:fffa:e354/128,"MN","Mongolia"
2405:5700:301:f43a:a08c:1a50::/93,"MN","Mongolia"
2405:5700:302:1cbd:400::/72,"MN","Mongolia"
2405:5700:302:4837:243a:7d31:d000::/102,"MN","Mongolia"
2405:5700:302:9d39:7571:c2cf:ed0a:b0/126,"MN","Mongolia"
2405:5700:310:6208:8f0f:1fcf:7b6c::/110,"MN","Mongolia"
2405:5700:310:d3d4:e92a:b7c5:4000::/99,"MN","Mongolia"
2405:5700:311:8c3:f1c5:8000::/82,"MN","Mongolia"
2405:5700:311:45d4:d8b:aedd:f9c9:568/125,"MN","Mongolia"
2405:5700:311:7f0d:19da:d03d:a400::/102,"MN","Mongolia"
2405:5700:311:bc2a:2c8d:4610:d1b8:fa08/128,"MN","Mongolia"
2405:5700:311:eebe:3513:8900::/89,"MN","Mongolia"
2405:5700:312:2892:4c20::/76,"MN","Mongolia"
2405:5700:312:63a1:d6a:fbfa:9e18::/109,"MN","Mongolia"
2405:5700:312:ae0e:3527:40b0:a63f:1f0/125,"MN","Mongolia"
2405:5700:314:6a48::/62,"MN","Mongolia"
2405:5700:316:acdd:d4f1:e88:4000::/100,"MN","Mongolia"
2406:9e00:1120:34ae:d1f8::/78,"IN","India"
2407:aa80:14:c351:fcff:2898:acef:25c0/123,"PK","Pakistan"
2407:aa80:15:1a0e::/63,"PK","Pakistan"
2407:aa80:15:3cff:8000::/67,"PK","Pakistan"
2407:aa80:15:65af::/64,"PK","Pakistan"
2407:aa80:15:89c7:b4c0::/77,"PK","Pakistan"
2407:aa80:15:aae2:d9e8:f900::/89,"PK","Pakistan"
2407:aa80:15:c800::/57,"PK","Pakistan"
2407:aa80:15:eccf:4000::/67,"PK","Pakistan"
2407:aa80:116:18e4:c940::/76,"PK","Pakistan"
2407:aa80:116:48a9:695d:56f3:a220::/108,"PK","Pakistan"
2407:aa80:116:7f2a:1000::/68,"PK","Pakistan"
2407:aa80:116:a9f2:a449:6219:d000::/100,"PK","Pakistan"
2407:aa80:116:e124:3927:b900::/88,"PK","Pakistan"
2407:aa80:126:2387:f8b6::/80,"PK","Pakistan"
2407:aa80:126:7b52:7548:1138:b800::/101,"PK","Pakistan"
2407:aa80:126:d11c:b987:4ccc:e000::/99,"PK","Pakistan"
2407:aa80:314:865a:f455:2679:c0c5::/113,"PK","Pakistan"
2407:aa80:314:a31d:5000::/68,"PK","Pakistan"
2407:aa80:314:c482:d4ad:3fd:289:4b00/121,"PK","Pakistan"
2407:aa80:314:e37a:24f0::/76,"PK","Pakistan"
2407:aa80:314:fecc:94a2:b5b9:a6b4::/111,"PK","Pakistan"
240b:11:601:b300:b830::/78,"JP","Japan"
240b:11:baa1:9c00:2987:6e48::/93,"JP","Japan"
240b:12:2fe1:5a00:9d82:c72e:990e:6d40/122,"JP","Japan"
240b:13:87a1:c6f0:f948:f0eb:2083:7000/121,"JP","Japan"
240b:251:961:b800:fd8a:2c78::/94,"JP","Japan"
240b:252:8062:d00:7998::/78,"JP","Japan"
2600:1900:4000:ea00:8000:74:3410::/108,"US","United States of America"
2600:9000:24f2:1200:0:670::/92,"US","United States of America"
2600:9000:24f2:3800:2::/79,"US","United States of America"
2600:9000:24f2:5e00:0:680::/89,"US","United States of America"
2600:9000:24f2:8200:8::/77,"US","United States of America"
2600:9000:24f2:a800:0:800::/85,"US","United States of America"
2600:9000:24f2:cc00:14::/79,"US","United States of America"
2600:9000:24f2:f200:0:2000::/83,"US","United States of America"
2600:9000:27c2:5000:1b:796c:b200:93a1/128,"US","United States of America"
2602:fe90:100:1d:3609:9c86:a3c0::/106,"US","United States of America"
2605:6ac0:8000::/33,"US","United States of America"
2606:40:928::/45,"SA","Saudi Arabia"
2606:40:22fc:a000::/51,"LV","Latvia"
2606:6080:1001:c:1d9a:8f36:e174:d7c5/128,"CA","Canada"
2607:8700:9340::/42,"CA","Canada"
2800:320:40d7:2100:fd8f:3966:2000::/101,"BO","Bolivia (Plurinational State of)"
2800:320:c931:2700:bdd2:b754:6f8::/111,"BO","Bolivia (Plurinational State of)"
2804:8164:1080:9b00:592:1b3:3a20::/107,"BR","Brazil"
2a00:1678:2470:1:1c5b:4c60:d130::/108,"NL","Netherlands (Kingdom of the)"
2a00:1dc0:caff:15::800:0/101,"MD","Moldova (the Republic of)"
2a00:d880:5:a27:80::/73,"NL","Netherlands (Kingdom of the)"
2a01:41a0:2:a:80::/73,"LT","Lithuania"
2a02:ad8:286d:e400:897:c3b:e7a6:e000/115,"US","United States of America"
2a02:ad8:326c:1800:f51d:1890::/93,"US","United States of America"
2a02:ad8:437a:2200:b000::/68,"US","United States of America"
2a02:2b18:a68:8000:c75:2dc5:b040::/106,"RU","Russian Federation"
2a02:4780:21:114c:62ff:526e:ef12::/111,"US","United States of America"
2a02:4780:22:6879:6f6e:fcbb:c000::/101,"US","United States of America"
2a02:7ac0:0:500::2000/115,"SE","Sweden"
2a03:2260:122:528:f900::/73,"DE","Germany"
2a04:9dc0:20:1::8000/113,"KR","Korea (the Republic of)"
2a05:541:103:6e::4:0/110,"DE","Germany"
2a05:6e02:10b6:c710:15bb:38b5:62e7:7000/116,"FR","France"
2a06:1700:0:16:0:100::/88,"RO","Romania"
2a06:f900:1:100::800/117,"RU","Russian Federation"
2a07:e00:400::/38,"SE","Sweden"
2a09:a380:a08::/45,"IT","Italy"
2a0a:9304::/30,"SC","Seychelles"
2a0c:16c0:510:a99::8c3e/128,"LV","Latvia"
2a0c:7882:4::/46,"NL","Netherlands (Kingdom of the)"
2a0d:5600:9:a21:0:20::/91,"CA","Canada"
2a0d:5940:79:1e::1000:0/100,"DE","Germany"
2a0e:4205:b040::/42,"SG","Singapore"
2a0e:5b00:40d:7746:c8bb:52c4:f2ce:8000/113,"IL","Israel"
2a0e:9b00::/29,"IN","India"
2a0e:f603:1800::/37,"US","United States of America"
2a0f:2747:7004::/46,"IN","India"
2a0f:df45:fc70::/45,"FR","France"
2a10:3580:126::/47,"DE","Germany"
2a11:f886:6002::/47,"US","United States of America"
2a12:bec0:68d:3eb::8:0/109,"GB","United Kingdom of Great Britain and Northern Ireland"
2a13:9401:0:1::3ff9:3000/116,"LT","Lithuania"
2c0e:7f02:c308:d182:f900::/73,"ZA","South Africa"
2c0f:f4c0:1f45:99b0:e043:44af:226d:1e89/128,"ZA","South Africa"
2c0f:f4c0:2306:3340:8fc0::/75,"ZA","South Africa"
2c0f:f4c0:9124:f000:c0ad:8000::/81,"ZA","South Africa"
2c0f:f698:f01b:1f87:39b1:dce:c009:dcd0/124,"TN","Tunisia"
