0.0.0.0/8,"-","-"
2.19.7.165/32,"BE","Belgium"
2.23.179.32/27,"BE","Belgium"
2.59.36.180/31,"NL","Netherlands (Kingdom of the)"
2.255.252.196/30,"BE","Belgium"
3.175.160.0/21,"US","United States of America"
4.2.16.6/32,"CA","Canada"
4.16.51.181/32,"CA","Canada"
4.31.128.0/18,"US","United States of America"
4.38.229.228/30,"US","United States of America"
4.68.31.98/32,"MX","Mexico"
4.68.72.172/32,"NL","Netherlands (Kingdom of the)"
4.68.200.184/30,"US","United States of America"
4.69.176.134/32,"US","United States of America"
4.69.223.162/32,"SG","Singapore"
5.10.98.0/24,"GB","United Kingdom of Great Britain and Northern Ireland"
5.35.192.237/32,"GB","United Kingdom of Great Britain and Northern Ireland"
5.39.31.192/27,"FR","France"
5.45.64.0/20,"NL","Netherlands (Kingdom of the)"
5.56.28.41/32,"GB","United Kingdom of Great Britain and Northern Ireland"
5.83.5.120/30,"NL","Netherlands (Kingdom of the)"
5.135.22.216/29,"FR","France"
5.144.32.0/20,"CH","Switzerland"
5.157.208.12/31,"RO","Romania"
5.175.218.255/32,"DE","Germany"
5.180.78.132/30,"CZ","Czechia"
5.188.108.0/23,"PL","Poland"
5.196.204.0/27,"FR","France"
5.231.106.115/32,"DE","Germany"
5.254.6.1/32,"GB","United Kingdom of Great Britain and Northern Ireland"
8.0.120.0/21,"US","United States of America"
8.29.228.98/32,"JP","Japan"
8.42.124.227/32,"GB","United Kingdom of Great Britain and Northern Ireland"
8.50.64.0/18,"US","United States of America"
9.174.0.0/15,"US","United States of America"
12.190.128.0/18,"US","United States of America"
13.34.8.226/31,"DE","Germany"
13.104.97.64/30,"JP","Japan"
13.105.224.48/28,"MY","Malaysia"
13.121.0.0/18,"US","United States of America"
14.192.67.125/32,"MY","Malaysia"
15.235.130.210/32,"CA","Canada"
15.235.142.73/32,"SG","Singapore"
15.235.152.12/32,"CA","Canada"
15.235.164.163/32,"CA","Canada"
15.235.175.105/32,"CA","Canada"
15.235.184.210/31,"CA","Canada"
15.235.192.57/32,"CA","Canada"
15.235.202.240/32,"SG","Singapore"
15.235.210.81/32,"CA","Canada"
15.235.218.79/32,"SG","Singapore"
15.235.226.55/32,"SG","Singapore"
16.12.0.0/23,"BR","Brazil"
17.1.116.71/32,"SG","Singapore"
17.30.8.0/24,"SE","Sweden"
17.81.174.0/23,"CN","China"
17.131.11.88/31,"US","United States of America"
18.173.148.0/23,"US","United States of America"
20.58.0.0/17,"GB","United Kingdom of Great Britain and Northern Ireland"
20.190.64.0/19,"SG","Singapore"
23.15.96.0/20,"SG","Singapore"
23.34.80.8/29,"US","United States of America"
23.45.208.0/20,"BR","Brazil"
23.56.216.0/22,"CL","Chile"
23.75.16.0/24,"NL","Netherlands (Kingdom of the)"
23.94.209.0/24,"IE","Ireland"
23.129.205.0/24,"-","-"
23.134.50.0/23,"-","-"
23.137.236.0/24,"US","United States of America"
23.144.129.0/24,"-","-"
23.153.26.0/23,"-","-"
23.159.162.0/23,"-","-"
23.168.9.0/24,"-","-"
23.175.36.0/22,"-","-"
23.183.50.0/23,"-","-"
23.192.128.0/20,"AR","Argentina"
23.203.146.36/30,"US","United States of America"
23.210.60.22/32,"US","United States of America"
23.216.32.0/20,"PE","Peru"
23.229.120.0/22,"US","United States of America"
23.254.224.116/32,"US","United States of America"
24.58.225.64/26,"US","United States of America"
27.80.252.192/32,"JP","Japan"
27.106.216.0/21,"PH","Philippines"
31.13.25.12/32,"US","United States of America"
31.24.249.201/32,"GB","United Kingdom of Great Britain and Northern Ireland"
31.47.255.128/25,"DE","Germany"
31.57.60.0/24,"DE","Germany"
31.57.252.0/22,"US","United States of America"
31.59.144.204/30,"SG","Singapore"
31.131.89.86/32,"LV","Latvia"
31.193.96.0/21,"PL","Poland"
31.222.14.0/23,"CZ","Czechia"
32.59.114.0/23,"BR","Brazil"
32.105.85.0/24,"DE","Germany"
32.117.1.0/24,"FR","France"
34.99.120.212/31,"MX","Mexico"
34.103.216.2/31,"DE","Germany"
34.144.23.63/32,"GB","United Kingdom of Great Britain and Northern Ireland"
34.183.4.0/22,"US","United States of America"
36.67.67.57/32,"ID","Indonesia"
37.18.130.100/31,"FR","France"
37.59.156.64/28,"GB","United Kingdom of Great Britain and Northern Ireland"
37.120.128.36/32,"JP","Japan"
37.143.6.92/32,"SG","Singapore"
37.202.209.162/31,"GB","United Kingdom of Great Britain and Northern Ireland"
37.230.62.216/31,"US","United States of America"
37.247.209.64/26,"PL","Poland"
38.9.125.0/24,"BR","Brazil"
38.20.50.159/32,"US","United States of America"
38.28.1.219/32,"FR","France"
38.48.122.248/31,"US","United States of America"
38.69.182.0/32,"US","United States of America"
38.84.206.0/23,"IL","Israel"
38.89.76.134/31,"US","United States of America"
38.89.87.66/32,"GB","United Kingdom of Great Britain and Northern Ireland"
38.99.167.225/32,"CA","Canada"
38.99.221.20/32,"US","United States of America"
38.103.73.130/31,"US","United States of America"
38.108.65.74/31,"US","United States of America"
38.112.0.38/31,"US","United States of America"
38.112.37.229/32,"CA","Canada"
38.121.0.0/20,"US","United States of America"
38.132.34.0/23,"CA","Canada"
38.141.15.148/32,"US","United States of America"
38.159.240.0/20,"TH","Thailand"
38.207.192.221/32,"US","United States of America"
38.207.203.88/30,"US","United States of America"
38.207.225.177/32,"US","United States of America"
38.224.104.0/23,"BR","Brazil"
38.253.112.0/23,"US","United States of America"
40.90.155.64/26,"AU","Australia"
40.99.76.16/28,"KR","Korea (the Republic of)"
40.103.33.176/28,"FI","Finland"
40.233.128.0/17,"US","United States of America"
41.77.232.0/21,"SZ","Eswatini"
41.175.213.0/24,"ZA","South Africa"
41.194.23.48/29,"CG","Congo"
41.218.96.0/21,"NA","Namibia"
43.96.84.0/24,"SG","Singapore"
43.174.214.24/29,"CA","Canada"
43.174.222.8/31,"CA","Canada"
43.174.249.252/32,"SG","Singapore"
43.224.124.0/22,"LK","Sri Lanka"
43.231.48.0/21,"IN","India"
43.245.96.80/28,"ID","Indonesia"
44.30.4.0/24,"PL","Poland"
44.63.21.32/28,"CN","China"
45.5.78.253/32,"HN","Honduras"
45.10.198.168/29,"IN","India"
45.15.19.3/32,"NL","Netherlands (Kingdom of the)"
45.57.52.0/22,"US","United States of America"
45.73.169.32/27,"US","United States of America"
45.84.90.56/30,"NL","Netherlands (Kingdom of the)"
45.87.132.192/27,"RS","Serbia"
45.93.0.0/22,"JP","Japan"
45.113.128.160/29,"SG","Singapore"
45.120.196.0/22,"PK","Pakistan"
45.130.128.0/24,"DE","Germany"
45.132.217.252/32,"NL","Netherlands (Kingdom of the)"
45.137.196.0/22,"NL","Netherlands (Kingdom of the)"
45.141.117.160/28,"NL","Netherlands (Kingdom of the)"
45.147.196.0/22,"NL","Netherlands (Kingdom of the)"
45.151.200.0/22,"NL","Netherlands (Kingdom of the)"
45.155.225.91/32,"HK","Hong Kong"
45.157.220.0/22,"DE","Germany"
45.169.98.0/23,"CO","Colombia"
45.190.60.0/22,"BR","Brazil"
45.198.71.0/24,"ID","Indonesia"
45.205.57.0/24,"RU","Russian Federation"
45.238.36.0/22,"PY","Paraguay"
46.3.200.0/23,"US","United States of America"
46.20.252.240/28,"NL","Netherlands (Kingdom of the)"
46.33.68.136/32,"DE","Germany"
46.33.84.106/31,"DE","Germany"
46.33.94.104/29,"DE","Germany"
46.105.151.128/26,"FR","France"
46.162.8.0/21,"RU","Russian Federation"
46.209.16.248/30,"IR","Iran (Islamic Republic of)"
46.243.32.0/21,"IT","Italy"
47.89.73.0/25,"US","United States of America"
49.143.252.0/22,"IN","India"
50.30.128.0/20,"US","United States of America"
50.115.91.218/32,"HK","Hong Kong"
51.10.11.210/32,"BR","Brazil"
51.15.152.40/30,"FR","France"
51.38.202.128/25,"FR","France"
51.75.49.40/29,"FR","France"
51.77.78.160/28,"FR","France"
51.81.125.8/29,"US","United States of America"
51.88.0.0/16,"US","United States of America"
51.158.84.178/32,"FR","France"
51.178.100.0/23,"FR","France"
51.195.153.104/30,"FR","France"
51.210.167.0/24,"FR","France"
51.254.176.172/30,"FR","France"
52.46.20.0/24,"JP","Japan"
52.95.163.0/24,"BR","Brazil"
52.98.17.160/28,"US","United States of America"
52.98.243.64/27,"SE","Sweden"
52.104.168.0/23,"US","United States of America"
52.114.246.0/23,"US","United States of America"
52.223.192.172/32,"IT","Italy"
52.223.203.20/31,"NL","Netherlands (Kingdom of the)"
52.239.188.0/24,"IN","India"
54.36.237.88/30,"DE","Germany"
54.38.31.160/27,"FR","France"
54.39.219.0/25,"CA","Canada"
57.21.102.0/23,"BE","Belgium"
57.35.78.60/30,"BE","Belgium"
57.83.201.0/24,"US","United States of America"
57.140.241.197/32,"US","United States of America"
57.191.95.0/24,"JP","Japan"
57.203.154.0/24,"US","United States of America"
57.211.44.0/23,"BE","Belgium"
57.216.134.184/29,"US","United States of America"
57.219.180.80/28,"US","United States of America"
57.222.178.0/23,"BE","Belgium"
58.138.88.191/32,"JP","Japan"
59.145.4.0/23,"IN","India"
61.97.96.0/19,"KR","Korea (the Republic of)"
62.9.12.0/24,"IE","Ireland"
62.22.206.0/23,"US","United States of America"
62.23.235.224/27,"FR","France"
62.40.114.128/25,"GB","United Kingdom of Great Britain and Northern Ireland"
62.44.39.8/29,"DK","Denmark"
62.53.19.248/30,"DE","Germany"
62.65.22.77/32,"CO","Colombia"
62.67.37.0/24,"GB","United Kingdom of Great Britain and Northern Ireland"
62.67.221.120/29,"RU","Russian Federation"
62.78.100.188/32,"FI","Finland"
62.84.223.96/28,"SE","Sweden"
62.95.116.98/32,"SE","Sweden"
62.115.6.98/31,"BE","Belgium"
62.115.16.167/32,"SE","Sweden"
62.115.31.140/30,"SE","Sweden"
62.115.41.45/32,"NL","Netherlands (Kingdom of the)"
62.115.49.138/31,"BE","Belgium"
62.115.59.209/32,"NL","Netherlands (Kingdom of the)"
62.115.75.52/32,"BE","Belgium"
62.115.106.180/31,"BE","Belgium"
62.115.121.16/29,"BE","Belgium"
62.115.132.158/31,"BE","Belgium"
62.115.140.254/31,"BE","Belgium"
62.115.150.110/31,"BE","Belgium"
62.115.160.32/27,"BE","Belgium"
62.115.170.54/32,"SG","Singapore"
62.115.178.244/31,"BE","Belgium"
62.115.188.22/31,"NL","Netherlands (Kingdom of the)"
62.115.230.210/31,"BE","Belgium"
62.132.208.0/20,"NL","Netherlands (Kingdom of the)"
62.140.245.58/32,"BE","Belgium"
62.164.148.0/22,"UZ","Uzbekistan"
62.179.140.222/32,"PL","Poland"
62.180.130.128/25,"BE","Belgium"
62.185.230.128/26,"DE","Germany"
62.189.175.224/27,"GB","United Kingdom of Great Britain and Northern Ireland"
62.200.166.0/23,"NL","Netherlands (Kingdom of the)"
62.208.252.80/31,"DE","Germany"
62.213.159.64/26,"GB","United Kingdom of Great Britain and Northern Ireland"
62.233.36.0/24,"NL","Netherlands (Kingdom of the)"
63.98.233.128/25,"US","United States of America"
63.123.162.220/31,"US","United States of America"
63.141.51.0/24,"IS","Iceland"
63.147.139.69/32,"CA","Canada"
63.156.16.86/31,"US","United States of America"
63.158.250.148/32,"US","United States of America"
63.172.187.80/28,"US","United States of America"
63.216.142.176/30,"US","United States of America"
63.217.30.112/28,"US","United States of America"
63.218.14.146/31,"US","United States of America"
63.218.60.167/32,"US","United States of America"
63.218.108.48/30,"US","United States of America"
63.218.146.97/32,"JP","Japan"
63.218.162.103/32,"US","United States of America"
63.218.172.225/32,"GR","Greece"
63.218.198.65/32,"RS","Serbia"
63.218.216.43/32,"US","United States of America"
63.218.243.144/30,"US","United States of America"
63.219.4.0/23,"US","United States of America"
63.220.193.168/32,"US","United States of America"
63.222.17.60/32,"US","United States of America"
63.222.114.49/32,"US","United States of America"
63.223.9.173/32,"TW","Taiwan (Province of China)"
63.223.17.242/32,"HK","Hong Kong"
63.223.28.64/32,"US","United States of America"
63.223.38.8/32,"US","United States of America"
63.223.57.16/32,"US","United States of America"
63.223.148.117/32,"MX","Mexico"
63.232.5.168/29,"US","United States of America"
63.234.234.0/23,"US","United States of America"
64.4.242.53/32,"US","United States of America"
64.17.62.64/26,"US","United States of America"
64.29.140.106/32,"US","United States of America"
64.43.68.0/27,"RO","Romania"
64.47.7.80/30,"US","United States of America"
64.62.163.128/29,"GB","United Kingdom of Great Britain and Northern Ireland"
64.71.184.40/30,"US","United States of America"
64.86.26.24/30,"US","United States of America"
64.95.190.48/32,"US","United States of America"
64.117.37.240/28,"US","United States of America"
64.124.178.13/32,"CA","Canada"
64.125.20.44/30,"US","United States of America"
64.125.60.108/31,"CA","Canada"
64.138.10.248/32,"US","United States of America"
64.208.7.29/32,"GB","United Kingdom of Great Britain and Northern Ireland"
64.208.117.114/32,"BR","Brazil"
64.208.213.48/32,"US","United States of America"
64.210.14.45/32,"GB","United Kingdom of Great Britain and Northern Ireland"
64.210.69.182/32,"GB","United Kingdom of Great Britain and Northern Ireland"
64.211.23.242/32,"MX","Mexico"
64.211.110.164/32,"US","United States of America"
64.212.16.8/32,"US","United States of America"
64.212.107.68/32,"US","United States of America"
64.213.54.121/32,"DE","Germany"
64.214.60.224/30,"US","United States of America"
64.214.131.48/29,"US","United States of America"
64.214.151.174/32,"CA","Canada"
64.215.27.164/32,"US","United States of America"
64.215.102.176/32,"US","United States of America"
64.215.183.99/32,"US","United States of America"
64.233.174.122/31,"US","United States of America"
64.240.96.192/26,"US","United States of America"
65.9.29.0/24,"JP","Japan"
65.49.109.166/32,"SG","Singapore"
65.100.13.36/32,"GB","United Kingdom of Great Britain and Northern Ireland"
65.120.18.197/32,"SG","Singapore"
65.127.195.12/32,"US","United States of America"
65.152.125.174/31,"US","United States of America"
65.154.28.150/31,"US","United States of America"
65.157.25.65/32,"GB","United Kingdom of Great Britain and Northern Ireland"
65.175.33.16/29,"CA","Canada"
65.213.122.128/25,"US","United States of America"
66.7.181.160/29,"US","United States of America"
66.33.23.80/32,"SG","Singapore"
66.40.181.60/32,"US","United States of America"
66.46.89.128/28,"US","United States of America"
66.48.85.32/27,"US","United States of America"
66.89.255.192/29,"US","United States of America"
66.119.89.160/27,"US","United States of America"
66.163.65.2/32,"US","United States of America"
66.163.162.80/28,"US","United States of America"
66.179.215.128/27,"US","United States of America"
66.212.224.32/28,"IM","Isle of Man"
66.232.144.0/22,"KR","Korea (the Republic of)"
66.250.248.32/27,"US","United States of America"
67.14.18.120/32,"US","United States of America"
67.14.101.223/32,"US","United States of America"
67.14.171.232/30,"US","United States of America"
67.16.139.120/29,"US","United States of America"
67.16.155.0/32,"US","United States of America"
67.16.164.118/32,"DE","Germany"
67.16.177.242/32,"FR","France"
67.16.188.173/32,"GB","United Kingdom of Great Britain and Northern Ireland"
67.17.73.176/28,"US","United States of America"
67.17.86.198/32,"GB","United Kingdom of Great Britain and Northern Ireland"
67.17.100.161/32,"JP","Japan"
67.17.154.128/25,"US","United States of America"
67.17.194.201/32,"GB","United Kingdom of Great Britain and Northern Ireland"
67.43.85.0/29,"US","United States of America"
67.134.0.0/18,"US","United States of America"
67.199.129.220/32,"US","United States of America"
67.207.128.0/17,"US","United States of America"
67.209.125.224/28,"US","United States of America"
67.220.87.85/32,"US","United States of America"
67.238.63.96/29,"CN","China"
68.66.250.236/31,"NL","Netherlands (Kingdom of the)"
68.169.205.128/25,"US","United States of America"
68.178.154.197/32,"US","United States of America"
68.178.167.224/32,"SG","Singapore"
68.232.158.0/24,"US","United States of America"
69.25.105.0/25,"US","United States of America"
69.31.52.168/29,"CA","Canada"
69.41.166.109/32,"US","United States of America"
69.48.188.153/32,"US","United States of America"
69.63.151.192/29,"US","United States of America"
69.90.33.160/27,"CA","Canada"
69.166.215.90/32,"SG","Singapore"
69.166.244.30/32,"SG","Singapore"
69.167.124.32/29,"US","United States of America"
69.174.122.192/29,"JP","Japan"
70.33.228.0/24,"CA","Canada"
71.18.44.112/30,"GB","United Kingdom of Great Britain and Northern Ireland"
71.19.185.144/29,"CA","Canada"
72.14.203.222/32,"NL","Netherlands (Kingdom of the)"
72.14.238.114/31,"GB","United Kingdom of Great Britain and Northern Ireland"
72.29.221.240/28,"US","United States of America"
72.52.106.160/32,"JP","Japan"
74.50.93.192/27,"US","United States of America"
74.116.8.0/21,"US","United States of America"
74.122.169.10/31,"US","United States of America"
74.125.200.143/32,"US","United States of America"
74.199.212.16/28,"US","United States of America"
74.216.247.192/31,"US","United States of America"
76.8.52.0/25,"US","United States of America"
76.74.13.96/27,"US","United States of America"
76.74.116.152/29,"CA","Canada"
77.36.54.142/31,"NL","Netherlands (Kingdom of the)"
77.55.100.14/31,"BE","Belgium"
77.67.69.89/32,"US","United States of America"
77.67.78.193/32,"US","United States of America"
77.67.98.56/31,"DE","Germany"
77.70.168.160/27,"LU","Luxembourg"
77.77.188.168/29,"FR","France"
77.93.66.68/30,"BE","Belgium"
77.109.163.8/29,"CH","Switzerland"
77.232.201.0/26,"RO","Romania"
77.245.62.64/28,"NL","Netherlands (Kingdom of the)"
78.25.2.0/23,"UA","Ukraine"
78.138.48.0/22,"US","United States of America"
78.152.45.219/32,"NL","Netherlands (Kingdom of the)"
79.63.0.0/17,"IT","Italy"
79.110.166.76/31,"GB","United Kingdom of Great Britain and Northern Ireland"
79.137.194.12/30,"NL","Netherlands (Kingdom of the)"
80.15.224.0/22,"FR","France"
80.67.36.0/22,"NO","Norway"
80.77.67.64/29,"DK","Denmark"
80.85.27.232/29,"CY","Cyprus"
80.92.176.0/20,"GE","Georgia"
80.157.205.216/29,"DE","Germany"
80.169.21.180/30,"SE","Sweden"
80.169.226.152/29,"GB","United Kingdom of Great Britain and Northern Ireland"
80.239.130.36/31,"NL","Netherlands (Kingdom of the)"
80.239.167.15/32,"BE","Belgium"
80.239.219.48/30,"DE","Germany"
80.246.112.0/20,"DE","Germany"
80.251.189.160/28,"IT","Italy"
81.2.149.18/31,"IL","Israel"
81.25.199.64/28,"FR","France"
81.46.1.28/32,"ES","Spain"
81.93.192.0/20,"HU","Hungary"
81.171.72.1/32,"NL","Netherlands (Kingdom of the)"
81.201.103.159/32,"DE","Germany"
81.210.137.192/32,"DE","Germany"
81.228.85.138/31,"SE","Sweden"
82.21.227.0/24,"LV","Latvia"
82.26.200.0/23,"US","United States of America"
82.98.230.111/32,"NL","Netherlands (Kingdom of the)"
82.129.38.128/27,"NL","Netherlands (Kingdom of the)"
82.153.70.0/24,"GB","United Kingdom of Great Britain and Northern Ireland"
82.197.164.144/28,"CH","Switzerland"
82.208.0.0/20,"CZ","Czechia"
83.110.0.0/15,"AE","United Arab Emirates"
83.150.217.0/24,"FR","France"
83.228.128.0/18,"GB","United Kingdom of Great Britain and Northern Ireland"
84.8.40.0/21,"OM","Oman"
84.16.8.196/30,"ES","Spain"
84.21.128.0/19,"GB","United Kingdom of Great Britain and Northern Ireland"
84.81.0.0/16,"GB","United Kingdom of Great Britain and Northern Ireland"
84.116.131.190/32,"DE","Germany"
84.116.136.27/32,"BE","Belgium"
84.116.140.215/32,"BE","Belgium"
84.116.147.58/32,"BE","Belgium"
84.116.193.146/31,"BE","Belgium"
84.116.232.132/30,"BE","Belgium"
84.116.245.252/31,"BE","Belgium"
84.201.56.16/29,"AT","Austria"
84.235.104.0/21,"SA","Saudi Arabia"
85.9.194.149/32,"GB","United Kingdom of Great Britain and Northern Ireland"
85.13.207.128/25,"GB","United Kingdom of Great Britain and Northern Ireland"
85.113.88.0/24,"US","United States of America"
85.131.128.0/24,"DE","Germany"
85.187.130.251/32,"SG","Singapore"
85.187.143.232/29,"NL","Netherlands (Kingdom of the)"
85.202.84.0/24,"RU","Russian Federation"
85.209.56.0/22,"BG","Bulgaria"
85.237.201.4/31,"US","United States of America"
86.48.195.0/24,"DE","Germany"
86.106.179.146/31,"GB","United Kingdom of Great Britain and Northern Ireland"
86.111.224.57/32,"NL","Netherlands (Kingdom of the)"
87.98.95.192/28,"BE","Belgium"
87.119.98.32/29,"DE","Germany"
87.120.115.94/31,"FR","France"
87.237.186.97/32,"US","United States of America"
87.248.152.0/23,"IR","Iran (Islamic Republic of)"
88.68.4.0/22,"DE","Germany"
88.131.124.237/32,"SE","Sweden"
88.131.201.232/30,"SE","Sweden"
88.198.244.128/26,"DE","Germany"
88.209.255.0/24,"US","United States of America"
88.214.205.130/31,"ZA","South Africa"
88.221.196.0/23,"DE","Germany"
89.30.50.27/32,"NL","Netherlands (Kingdom of the)"
89.35.26.0/24,"TR","Turkiye"
89.40.16.0/22,"RO","Romania"
89.45.96.0/20,"ES","Spain"
89.116.10.188/30,"US","United States of America"
89.144.55.254/32,"CA","Canada"
89.149.133.10/32,"HK","Hong Kong"
89.149.140.64/32,"DE","Germany"
89.149.146.121/32,"US","United States of America"
89.149.177.116/32,"DE","Germany"
89.149.183.197/32,"FR","France"
89.149.189.216/29,"DE","Germany"
89.186.208.0/21,"CH","Switzerland"
89.202.135.128/25,"DE","Germany"
89.208.104.24/29,"NL","Netherlands (Kingdom of the)"
89.219.152.152/29,"BE","Belgium"
89.238.191.178/31,"RO","Romania"
90.121.163.64/28,"FR","France"
91.103.81.217/32,"NL","Netherlands (Kingdom of the)"
91.121.229.168/30,"PL","Poland"
91.129.12.134/31,"GB","United Kingdom of Great Britain and Northern Ireland"
91.129.36.127/32,"DE","Germany"
91.134.204.64/28,"FR","France"
91.149.240.216/31,"NL","Netherlands (Kingdom of the)"
91.194.177.0/24,"PL","Poland"
91.199.166.198/32,"NL","Netherlands (Kingdom of the)"
91.205.144.0/22,"RU","Russian Federation"
91.209.212.0/24,"GB","United Kingdom of Great Britain and Northern Ireland"
91.214.128.0/21,"UA","Ukraine"
91.220.138.202/32,"IS","Iceland"
91.225.34.249/32,"US","United States of America"
91.232.60.0/23,"SE","Sweden"
91.237.250.0/24,"UA","Ukraine"
91.245.214.0/24,"RS","Serbia"
92.60.241.0/24,"DE","Germany"
92.112.92.4/31,"NL","Netherlands (Kingdom of the)"
92.123.132.0/24,"GB","United Kingdom of Great Britain and Northern Ireland"
92.234.0.0/16,"GB","United Kingdom of Great Britain and Northern Ireland"
93.90.183.128/27,"DE","Germany"
93.115.61.26/31,"BZ","Belize"
93.122.68.64/26,"DE","Germany"
93.171.152.0/24,"UA","Ukraine"
93.189.37.0/27,"ES","Spain"
94.26.64.32/32,"US","United States of America"
94.31.38.189/32,"GB","United Kingdom of Great Britain and Northern Ireland"
94.102.154.128/29,"GB","United Kingdom of Great Britain and Northern Ireland"
94.137.74.129/32,"NL","Netherlands (Kingdom of the)"
94.142.117.96/32,"ES","Spain"
94.176.168.0/21,"DE","Germany"
94.229.12.192/26,"NL","Netherlands (Kingdom of the)"
94.246.91.0/27,"NO","Norway"
94.249.199.144/29,"CA","Canada"
94.249.245.5/32,"DE","Germany"
95.87.104.0/21,"GB","United Kingdom of Great Britain and Northern Ireland"
95.134.56.0/22,"PL","Poland"
95.142.101.235/32,"NL","Netherlands (Kingdom of the)"
95.172.88.0/24,"NL","Netherlands (Kingdom of the)"
96.6.96.0/20,"US","United States of America"
96.44.193.0/25,"CA","Canada"
96.62.20.0/23,"NG","Nigeria"
97.74.92.115/32,"SG","Singapore"
98.124.135.208/28,"CN","China"
98.158.224.0/21,"US","United States of America"
99.181.67.137/32,"SE","Sweden"
99.181.91.128/30,"US","United States of America"
101.79.156.0/23,"SG","Singapore"
102.129.195.0/24,"HK","Hong Kong"
102.165.23.144/30,"NG","Nigeria"
102.211.132.0/22,"ZA","South Africa"
102.221.232.0/22,"ZA","South Africa"
103.4.99.110/31,"BR","Brazil"
103.7.173.0/24,"ID","Indonesia"
103.14.236.0/22,"SG","Singapore"
103.22.148.0/22,"MY","Malaysia"
103.29.5.210/32,"SG","Singapore"
103.39.156.0/22,"IN","India"
103.47.244.0/24,"SG","Singapore"
103.58.16.0/22,"MY","Malaysia"
103.69.144.40/32,"SG","Singapore"
103.80.22.0/23,"IN","India"
103.88.160.0/23,"IN","India"
103.99.54.0/23,"CN","China"
103.107.104.0/22,"HK","Hong Kong"
103.117.81.0/24,"MY","Malaysia"
103.126.18.0/24,"CN","China"
103.137.130.0/23,"NZ","New Zealand"
103.143.138.0/23,"BD","Bangladesh"
103.149.248.0/23,"HK","Hong Kong"
103.155.222.0/23,"IN","India"
103.163.157.0/24,"IN","India"
103.171.38.0/23,"IN","India"
103.176.152.0/24,"TH","Thailand"
103.186.13.0/24,"AU","Australia"
103.193.254.0/24,"TL","Timor-Leste"
103.204.117.0/24,"AU","Australia"
103.209.2.0/24,"AU","Australia"
103.217.66.0/23,"IN","India"
103.230.146.0/23,"HK","Hong Kong"
103.236.149.2/31,"ID","Indonesia"
103.244.132.212/30,"ES","Spain"
103.253.0.0/22,"ID","Indonesia"
104.28.24.0/22,"US","United States of America"
104.28.51.207/32,"SA","Saudi Arabia"
104.28.80.179/32,"US","United States of America"
104.28.101.78/31,"TW","Taiwan (Province of China)"
104.28.130.76/30,"IT","Italy"
104.28.144.96/30,"BR","Brazil"
104.28.154.233/32,"RO","Romania"
104.28.162.130/32,"DE","Germany"
104.28.198.2/32,"BR","Brazil"
104.28.208.41/32,"MY","Malaysia"
104.28.218.80/30,"US","United States of America"
104.28.228.75/32,"US","United States of America"
104.28.238.108/30,"SE","Sweden"
104.28.248.140/30,"US","United States of America"
104.30.132.47/32,"US","United States of America"
104.30.160.246/32,"US","United States of America"
104.30.176.61/32,"JP","Japan"
104.44.4.244/32,"US","United States of America"
104.44.15.56/31,"US","United States of America"
104.44.22.176/32,"US","United States of America"
104.44.36.158/31,"KE","Kenya"
104.44.45.152/31,"ZA","South Africa"
104.44.56.171/32,"US","United States of America"
104.44.199.88/32,"TH","Thailand"
104.44.233.64/31,"BR","Brazil"
104.47.192.0/20,"US","United States of America"
104.89.117.32/27,"US","United States of America"
104.121.77.0/24,"NL","Netherlands (Kingdom of the)"
104.134.238.46/31,"US","United States of America"
104.142.251.93/32,"US","United States of America"
104.160.165.1/32,"NL","Netherlands (Kingdom of the)"
104.212.67.73/32,"CA","Canada"
104.232.239.208/31,"US","United States of America"
104.250.96.0/21,"US","United States of America"
104.254.122.168/29,"NL","Netherlands (Kingdom of the)"
105.16.24.0/23,"MZ","Mozambique"
106.139.249.112/28,"JP","Japan"
107.6.174.214/32,"NL","Netherlands (Kingdom of the)"
107.151.86.252/30,"US","United States of America"
107.162.10.64/30,"US","United States of America"
107.163.144.128/25,"US","United States of America"
108.161.128.0/19,"US","United States of America"
108.171.35.0/24,"RU","Russian Federation"
109.70.44.96/28,"GB","United Kingdom of Great Britain and Northern Ireland"
109.105.96.82/31,"SE","Sweden"
109.108.32.0/19,"RU","Russian Federation"
109.172.96.56/32,"RU","Russian Federation"
109.176.248.104/29,"US","United States of America"
109.234.211.200/32,"SG","Singapore"
110.164.0.120/29,"TH","Thailand"
111.95.247.192/27,"ID","Indonesia"
113.22.183.0/24,"VN","Viet Nam"
113.203.212.0/23,"PK","Pakistan"
115.124.96.0/19,"IN","India"
116.119.94.128/25,"IN","India"
117.121.248.30/32,"SG","Singapore"
119.9.146.216/29,"HK","Hong Kong"
119.81.39.67/32,"SG","Singapore"
119.81.117.128/25,"NL","Netherlands (Kingdom of the)"
120.29.209.216/30,"SG","Singapore"
122.103.0.0/16,"JP","Japan"
123.49.8.68/30,"BD","Bangladesh"
124.108.83.210/31,"HK","Hong Kong"
125.214.96.0/19,"CN","China"
126.142.0.0/16,"JP","Japan"
128.90.162.0/24,"US","United States of America"
128.90.245.192/32,"US","United States of America"
128.177.116.64/28,"US","United States of America"
128.241.10.164/31,"CA","Canada"
129.125.0.0/16,"NL","Netherlands (Kingdom of the)"
129.134.40.168/32,"US","United States of America"
129.134.48.122/31,"GB","United Kingdom of Great Britain and Northern Ireland"
129.134.57.96/32,"NL","Netherlands (Kingdom of the)"
129.134.63.131/32,"US","United States of America"
129.134.85.41/32,"IN","India"
129.134.92.214/32,"JP","Japan"
129.134.100.157/32,"TW","Taiwan (Province of China)"
129.134.110.96/28,"US","United States of America"
129.188.0.0/14,"US","United States of America"
129.250.3.2/31,"DE","Germany"
129.250.17.76/32,"US","United States of America"
129.250.81.164/30,"US","United States of America"
130.23.246.0/23,"US","United States of America"
130.81.5.5/32,"NZ","New Zealand"
130.117.2.43/32,"US","United States of America"
130.117.19.48/30,"US","United States of America"
130.117.49.119/32,"US","United States of America"
130.117.154.0/32,"US","United States of America"
130.154.152.0/21,"US","United States of America"
130.244.5.58/31,"SE","Sweden"
130.244.22.232/29,"SE","Sweden"
130.244.41.90/32,"NL","Netherlands (Kingdom of the)"
130.244.68.41/32,"SE","Sweden"
130.244.83.251/32,"SE","Sweden"
130.244.106.27/32,"CH","Switzerland"
130.244.128.131/32,"SE","Sweden"
130.244.151.47/32,"SE","Sweden"
130.244.176.10/32,"US","United States of America"
130.244.206.252/32,"SE","Sweden"
130.248.159.247/32,"US","United States of America"
131.125.101.5/32,"MO","Macao"
131.153.205.176/32,"US","United States of America"
131.229.131.11/32,"BO","Bolivia (Plurinational State of)"
131.229.176.28/32,"PL","Poland"
131.229.203.8/31,"GB","United Kingdom of Great Britain and Northern Ireland"
131.229.229.136/31,"BR","Brazil"
132.245.47.48/28,"US","United States of America"
134.55.57.96/28,"US","United States of America"
134.122.173.106/32,"HK","Hong Kong"
134.185.176.0/21,"TH","Thailand"
134.231.255.232/31,"US","United States of America"
135.90.236.0/24,"US","United States of America"
136.22.118.24/29,"DE","Germany"
136.175.20.0/22,"BR","Brazil"
137.74.10.44/30,"FR","France"
137.83.226.4/30,"KE","Kenya"
137.221.93.134/32,"HK","Hong Kong"
138.113.36.0/24,"NL","Netherlands (Kingdom of the)"
138.128.225.207/32,"AE","United Arab Emirates"
139.45.200.0/24,"FI","Finland"
139.95.9.216/29,"US","United States of America"
139.184.0.0/16,"GB","United Kingdom of Great Britain and Northern Ireland"
140.157.0.0/18,"US","United States of America"
140.222.3.240/29,"US","United States of America"
140.222.123.93/32,"US","United States of America"
140.222.192.176/29,"US","United States of America"
140.222.233.64/31,"IN","India"
140.222.247.191/32,"IN","India"
140.248.19.32/27,"US","United States of America"
141.1.11.22/32,"DE","Germany"
141.94.91.0/24,"FR","France"
141.98.68.80/28,"GB","United Kingdom of Great Britain and Northern Ireland"
141.125.84.67/32,"GB","United Kingdom of Great Britain and Northern Ireland"
141.136.98.160/30,"PL","Poland"
141.136.107.186/32,"BR","Brazil"
141.161.184.0/23,"US","United States of America"
141.232.0.0/14,"US","United States of America"
142.111.111.176/31,"SG","Singapore"
142.250.58.192/28,"US","United States of America"
142.250.162.248/31,"NL","Netherlands (Kingdom of the)"
142.250.205.224/27,"IN","India"
142.251.10.12/31,"US","United States of America"
142.251.65.69/32,"US","United States of America"
142.251.222.207/32,"IN","India"
142.251.247.142/32,"DE","Germany"
143.20.224.0/22,"US","United States of America"
143.223.251.117/32,"GB","United Kingdom of Great Britain and Northern Ireland"
144.34.87.136/32,"GB","United Kingdom of Great Britain and Northern Ireland"
144.178.5.132/30,"US","United States of America"
144.208.222.0/25,"AU","Australia"
144.223.192.128/30,"US","United States of America"
144.232.30.240/29,"US","United States of America"
145.223.9.108/31,"US","United States of America"
145.239.202.192/29,"FR","France"
146.19.193.0/24,"FR","France"
146.66.220.130/31,"NL","Netherlands (Kingdom of the)"
146.75.162.100/30,"TR","Turkiye"
146.82.33.246/32,"IE","Ireland"
146.177.16.0/22,"GB","United Kingdom of Great Britain and Northern Ireland"
146.188.15.213/32,"DK","Denmark"
146.188.37.69/32,"ES","Spain"
146.188.49.149/32,"DE","Germany"
146.188.57.96/28,"GB","United Kingdom of Great Britain and Northern Ireland"
146.188.65.130/32,"CH","Switzerland"
146.188.136.13/32,"US","United States of America"
146.188.146.250/32,"US","United States of America"
146.188.176.138/32,"US","United States of America"
146.188.209.109/32,"US","United States of America"
146.190.224.0/20,"NL","Netherlands (Kingdom of the)"
147.45.41.6/31,"AT","Austria"
147.75.209.100/30,"IL","Israel"
147.79.57.231/32,"SC","Seychelles"
147.160.252.24/31,"GB","United Kingdom of Great Britain and Northern Ireland"
147.243.135.96/27,"BE","Belgium"
148.66.54.228/30,"TW","Taiwan (Province of China)"
148.106.68.0/24,"US","United States of America"
148.139.64.94/31,"NL","Netherlands (Kingdom of the)"
148.139.72.64/31,"US","United States of America"
148.153.255.125/32,"US","United States of America"
149.2.82.0/23,"DO","Dominican Republic"
149.6.37.30/32,"NL","Netherlands (Kingdom of the)"
149.6.84.108/30,"US","United States of America"
149.6.141.204/32,"US","United States of America"
149.6.185.49/32,"GB","United Kingdom of Great Britain and Northern Ireland"
149.11.16.0/32,"US","United States of America"
149.11.91.56/32,"US","United States of America"
149.11.206.128/25,"FR","France"
149.14.62.12/30,"US","United States of America"
149.14.240.161/32,"ES","Spain"
149.18.63.218/32,"US","United States of America"
149.18.88.36/31,"SG","Singapore"
149.18.93.162/31,"SG","Singapore"
149.18.110.254/32,"TR","Turkiye"
149.18.120.55/32,"SG","Singapore"
149.18.125.112/31,"SG","Singapore"
149.18.210.208/32,"SG","Singapore"
149.18.216.2/32,"SG","Singapore"
149.18.221.61/32,"SG","Singapore"
149.18.226.153/32,"SG","Singapore"
149.18.231.229/32,"HK","Hong Kong"
149.18.237.58/32,"CZ","Czechia"
149.18.242.117/32,"CZ","Czechia"
149.18.247.177/32,"CZ","Czechia"
149.18.252.238/31,"SG","Singapore"
149.29.13.2/31,"US","United States of America"
149.30.165.240/31,"US","United States of America"
149.30.181.68/31,"US","United States of America"
149.30.195.30/31,"US","United States of America"
149.30.201.144/29,"US","United States of America"
149.30.212.7/32,"US","United States of America"
149.30.221.183/32,"US","United States of America"
149.30.253.0/27,"US","United States of America"
149.56.250.112/29,"CA","Canada"
149.57.31.4/31,"CZ","Czechia"
149.57.67.130/31,"SG","Singapore"
149.57.87.75/32,"BE","Belgium"
149.57.93.110/31,"CZ","Czechia"
149.57.98.147/32,"CZ","Czechia"
149.57.107.206/31,"CZ","Czechia"
149.57.152.230/32,"SG","Singapore"
149.57.158.61/32,"US","United States of America"
149.57.195.131/32,"CZ","Czechia"
149.57.200.162/32,"SG","Singapore"
149.57.205.214/32,"SG","Singapore"
149.57.211.126/31,"CZ","Czechia"
149.57.216.213/32,"SG","Singapore"
149.57.222.1/32,"SG","Singapore"
149.57.235.70/32,"US","United States of America"
149.78.172.0/22,"CA","Canada"
149.96.218.77/32,"US","United States of America"
149.126.215.37/32,"RU","Russian Federation"
149.131.0.0/16,"US","United States of America"
149.202.152.40/30,"FR","France"
150.48.147.200/29,"DK","Denmark"
150.101.131.7/32,"AU","Australia"
150.230.224.0/21,"BR","Brazil"
150.253.209.28/32,"US","United States of America"
151.80.240.120/29,"FR","France"
151.199.0.0/17,"US","United States of America"
151.242.151.68/32,"CA","Canada"
151.243.26.4/32,"US","United States of America"
151.243.101.22/32,"US","United States of America"
151.252.31.224/28,"SE","Sweden"
152.98.0.0/16,"AU","Australia"
152.195.112.204/32,"JP","Japan"
153.38.202.224/27,"US","United States of America"
154.6.28.26/31,"GB","United Kingdom of Great Britain and Northern Ireland"
154.6.55.28/32,"CZ","Czechia"
154.6.153.11/32,"US","United States of America"
154.6.208.54/31,"SG","Singapore"
154.6.213.95/32,"SG","Singapore"
154.6.226.154/32,"KR","Korea (the Republic of)"
154.6.247.33/32,"US","United States of America"
154.9.115.160/30,"RO","Romania"
154.14.2.76/30,"CH","Switzerland"
154.14.31.44/30,"DE","Germany"
154.14.56.72/29,"IT","Italy"
154.14.84.232/29,"CH","Switzerland"
154.14.130.112/31,"DE","Germany"
154.14.156.88/29,"DE","Germany"
154.14.197.128/25,"DE","Germany"
154.14.250.136/29,"IT","Italy"
154.18.16.60/30,"US","United States of America"
154.24.8.214/32,"CA","Canada"
154.24.30.46/32,"SG","Singapore"
154.24.60.47/32,"US","United States of America"
154.24.85.218/32,"AR","Argentina"
154.25.3.137/32,"GB","United Kingdom of Great Britain and Northern Ireland"
154.25.7.162/32,"GB","United Kingdom of Great Britain and Northern Ireland"
154.25.12.34/32,"GB","United Kingdom of Great Britain and Northern Ireland"
154.25.16.103/32,"US","United States of America"
154.26.11.72/30,"US","United States of America"
154.26.32.231/32,"GB","United Kingdom of Great Britain and Northern Ireland"
154.30.86.0/24,"US","United States of America"
154.45.204.64/26,"US","United States of America"
154.50.129.128/32,"US","United States of America"
154.51.128.192/27,"GB","United Kingdom of Great Britain and Northern Ireland"
154.54.17.222/31,"US","United States of America"
154.54.27.254/32,"CA","Canada"
154.54.37.159/32,"US","United States of America"
154.54.46.144/28,"US","United States of America"
154.54.59.92/32,"US","United States of America"
154.54.63.91/32,"US","United States of America"
154.54.74.199/32,"US","United States of America"
154.54.78.179/32,"US","United States of America"
154.54.130.16/32,"BG","Bulgaria"
154.57.145.192/26,"NL","Netherlands (Kingdom of the)"
154.72.240.0/23,"KE","Kenya"
154.91.37.96/30,"JP","Japan"
154.94.115.0/24,"TH","Thailand"
154.200.72.0/21,"VN","Viet Nam"
154.211.75.32/27,"HK","Hong Kong"
155.2.166.56/29,"PT","Portugal"
155.117.89.240/30,"US","United States of America"
155.159.53.38/32,"ZA","South Africa"
155.159.59.11/32,"HK","Hong Kong"
155.159.84.215/32,"ZA","South Africa"
155.159.91.169/32,"HK","Hong Kong"
155.159.96.246/32,"ZA","South Africa"
155.159.146.30/32,"HK","Hong Kong"
155.159.176.166/31,"ZA","South Africa"
155.159.195.128/30,"ZA","South Africa"
155.190.35.64/32,"DE","Germany"
156.47.1.4/30,"US","United States of America"
156.109.132.0/22,"US","United States of America"
156.226.35.200/32,"HK","Hong Kong"
156.233.253.63/32,"US","United States of America"
156.243.83.199/32,"SG","Singapore"
156.251.212.179/32,"HK","Hong Kong"
156.252.173.8/32,"SG","Singapore"
157.5.86.36/30,"GB","United Kingdom of Great Britain and Northern Ireland"
157.5.115.57/32,"NR","Nauru"
157.52.0.0/19,"CA","Canada"
157.130.159.16/29,"US","United States of America"
157.167.228.168/32,"LU","Luxembourg"
157.167.235.71/32,"US","United States of America"
157.197.70.9/32,"CA","Canada"
157.240.56.88/29,"US","United States of America"
157.240.69.100/30,"US","United States of America"
157.240.77.218/31,"BR","Brazil"
157.240.86.118/31,"SG","Singapore"
157.240.95.4/31,"ZA","South Africa"
158.43.111.4/30,"GB","United Kingdom of Great Britain and Northern Ireland"
158.116.0.0/19,"US","United States of America"
158.175.125.216/29,"US","United States of America"
158.176.82.160/31,"US","United States of America"
158.176.147.208/28,"US","United States of America"
158.225.230.0/24,"US","United States of America"
159.8.167.128/25,"US","United States of America"
159.60.150.228/30,"GB","United Kingdom of Great Britain and Northern Ireland"
159.63.49.114/32,"US","United States of America"
159.63.55.70/32,"CH","Switzerland"
159.78.213.214/31,"US","United States of America"
159.78.240.16/28,"US","United States of America"
159.122.116.38/32,"DE","Germany"
159.124.9.102/31,"NL","Netherlands (Kingdom of the)"
159.182.67.8/31,"US","United States of America"
159.255.219.86/32,"US","United States of America"
160.30.242.0/23,"IN","India"
160.48.170.0/24,"AU","Australia"
160.121.8.126/31,"ZA","South Africa"
160.121.26.196/32,"ZA","South Africa"
160.121.36.228/32,"HK","Hong Kong"
160.121.49.37/32,"HK","Hong Kong"
160.121.100.58/31,"ZA","South Africa"
160.121.117.247/32,"ZA","South Africa"
160.121.135.236/30,"ZA","South Africa"
160.121.170.208/28,"ZA","South Africa"
160.121.237.220/30,"ZA","South Africa"
160.124.0.248/32,"HK","Hong Kong"
160.124.18.128/26,"ZA","South Africa"
160.124.29.188/32,"ZA","South Africa"
160.124.36.229/32,"ZA","South Africa"
160.124.45.136/32,"ZA","South Africa"
160.124.96.22/32,"ZA","South Africa"
160.124.105.100/32,"ZA","South Africa"
160.124.121.32/27,"ZA","South Africa"
160.124.137.124/31,"ZA","South Africa"
160.124.143.171/32,"ZA","South Africa"
160.124.149.81/32,"ZA","South Africa"
160.124.222.30/31,"ZA","South Africa"
160.124.241.216/31,"ZA","South Africa"
160.124.250.192/29,"ZA","South Africa"
160.238.65.82/31,"HK","Hong Kong"
161.30.238.21/32,"US","United States of America"
161.69.32.164/32,"TR","Turkiye"
161.69.66.66/32,"AT","Austria"
161.69.94.39/32,"FR","France"
161.126.148.0/23,"SG","Singapore"
161.156.209.72/32,"GB","United Kingdom of Great Britain and Northern Ireland"
161.202.162.128/25,"US","United States of America"
161.202.218.192/31,"SG","Singapore"
162.0.218.128/26,"US","United States of America"
162.19.215.0/27,"FR","France"
162.62.171.52/30,"SG","Singapore"
162.120.140.0/24,"US","United States of America"
162.120.185.220/30,"CO","Colombia"
162.120.215.9/32,"IT","Italy"
162.209.221.176/28,"US","United States of America"
162.244.2.224/31,"US","United States of America"
163.5.17.0/24,"FR","France"
163.5.225.238/31,"GB","United Kingdom of Great Britain and Northern Ireland"
163.114.137.0/24,"US","United States of America"
163.116.175.136/32,"CH","Switzerland"
163.116.220.0/24,"US","United States of America"
163.171.226.0/24,"US","United States of America"
163.172.229.2/32,"NL","Netherlands (Kingdom of the)"
163.180.218.174/32,"HK","Hong Kong"
163.180.223.176/32,"KR","Korea (the Republic of)"
163.180.240.116/31,"KR","Korea (the Republic of)"
163.180.250.225/32,"HK","Hong Kong"
163.206.0.0/15,"US","United States of America"
164.30.71.0/27,"DE","Germany"
164.90.75.8/29,"NL","Netherlands (Kingdom of the)"
164.132.9.96/27,"FR","France"
164.138.99.196/31,"NL","Netherlands (Kingdom of the)"
165.1.194.4/30,"DE","Germany"
165.1.231.252/31,"AU","Australia"
165.85.191.192/27,"MM","Myanmar"
165.154.235.0/24,"US","United States of America"
165.220.192.0/19,"FR","France"
166.1.22.213/32,"US","United States of America"
166.63.10.8/29,"MX","Mexico"
166.63.208.10/32,"US","United States of America"
166.88.0.0/24,"US","United States of America"
167.114.50.0/24,"CA","Canada"
167.216.142.16/32,"US","United States of America"
168.1.158.0/24,"US","United States of America"
168.76.45.92/31,"HK","Hong Kong"
168.76.50.89/32,"ZA","South Africa"
168.76.55.160/32,"ZA","South Africa"
168.76.145.143/32,"HK","Hong Kong"
168.76.154.144/28,"ZA","South Africa"
168.76.170.202/31,"ZA","South Africa"
168.76.192.0/20,"ZA","South Africa"
168.143.191.150/31,"US","United States of America"
168.205.160.5/32,"CA","Canada"
168.206.50.120/29,"ZA","South Africa"
168.206.73.168/30,"ZA","South Africa"
168.206.90.202/31,"ZA","South Africa"
168.206.101.4/31,"ZA","South Africa"
168.206.116.160/31,"ZA","South Africa"
168.206.169.32/27,"ZA","South Africa"
168.206.209.45/32,"HK","Hong Kong"
168.206.221.207/32,"ZA","South Africa"
168.206.237.74/31,"ZA","South Africa"
168.206.247.76/32,"HK","Hong Kong"
168.235.110.36/31,"GB","United Kingdom of Great Britain and Northern Ireland"
169.45.19.22/32,"AU","Australia"
169.50.121.200/32,"US","United States of America"
169.50.227.253/32,"US","United States of America"
169.136.77.37/32,"IN","India"
169.136.143.94/32,"SG","Singapore"
170.0.24.0/21,"BR","Brazil"
170.72.35.36/31,"GB","United Kingdom of Great Britain and Northern Ireland"
170.80.110.0/24,"BR","Brazil"
170.114.131.134/32,"HK","Hong Kong"
170.133.164.64/31,"GB","United Kingdom of Great Britain and Northern Ireland"
170.225.218.0/23,"US","United States of America"
170.254.68.0/22,"BR","Brazil"
171.75.10.130/31,"DE","Germany"
171.75.73.212/31,"DE","Germany"
171.75.112.8/31,"NZ","New Zealand"
172.70.38.0/23,"US","United States of America"
172.94.107.248/32,"NL","Netherlands (Kingdom of the)"
172.111.131.228/30,"IE","Ireland"
172.217.19.72/32,"IT","Italy"
172.217.28.190/32,"BR","Brazil"
172.224.230.80/28,"ET","Ethiopia"
172.225.156.144/29,"AU","Australia"
172.226.5.128/29,"US","United States of America"
172.246.0.96/28,"FR","France"
172.253.214.0/24,"US","United States of America"
173.199.99.64/26,"CA","Canada"
173.211.64.0/20,"US","United States of America"
173.234.76.4/30,"GB","United Kingdom of Great Britain and Northern Ireland"
173.244.33.0/24,"NP","Nepal"
174.137.230.232/29,"US","United States of America"
176.10.80.174/32,"GB","United Kingdom of Great Britain and Northern Ireland"
176.31.78.128/27,"FR","France"
176.57.50.208/31,"ES","Spain"
176.97.156.24/30,"CY","Cyprus"
176.114.99.96/29,"FR","France"
176.126.58.0/24,"BE","Belgium"
177.69.127.123/32,"BR","Brazil"
177.253.70.216/29,"CO","Colombia"
178.23.169.74/31,"CH","Switzerland"
178.32.190.64/26,"FR","France"
178.33.151.232/29,"FR","France"
178.92.245.0/24,"US","United States of America"
178.132.248.0/21,"SE","Sweden"
178.214.121.24/29,"NL","Netherlands (Kingdom of the)"
178.237.38.250/31,"BE","Belgium"
178.250.82.96/28,"DE","Germany"
179.61.223.0/24,"US","United States of America"
180.150.0.223/32,"AU","Australia"
181.78.100.0/23,"HN","Honduras"
181.214.86.0/24,"DE","Germany"
181.215.213.26/32,"SG","Singapore"
182.79.206.64/26,"IN","India"
183.182.80.94/31,"HK","Hong Kong"
184.77.0.27/32,"US","United States of America"
184.77.7.30/32,"US","United States of America"
184.77.14.102/32,"GB","United Kingdom of Great Britain and Northern Ireland"
184.77.20.217/32,"US","United States of America"
184.77.27.76/32,"US","United States of America"
184.77.34.1/32,"US","United States of America"
184.77.41.64/32,"GB","United Kingdom of Great Britain and Northern Ireland"
184.77.48.32/32,"GB","United Kingdom of Great Britain and Northern Ireland"
184.77.55.61/32,"GB","United Kingdom of Great Britain and Northern Ireland"
184.77.61.202/31,"GB","United Kingdom of Great Britain and Northern Ireland"
184.77.68.129/32,"GB","United Kingdom of Great Britain and Northern Ireland"
184.77.74.218/31,"GB","United Kingdom of Great Britain and Northern Ireland"
184.77.81.171/32,"GB","United Kingdom of Great Britain and Northern Ireland"
184.77.88.97/32,"GB","United Kingdom of Great Britain and Northern Ireland"
184.77.95.187/32,"US","United States of America"
184.77.103.190/32,"GB","United Kingdom of Great Britain and Northern Ireland"
184.77.111.214/32,"GB","United Kingdom of Great Britain and Northern Ireland"
184.77.120.144/28,"GB","United Kingdom of Great Britain and Northern Ireland"
184.77.128.56/29,"GB","United Kingdom of Great Britain and Northern Ireland"
184.77.135.196/30,"GB","United Kingdom of Great Britain and Northern Ireland"
184.77.142.228/31,"GB","United Kingdom of Great Britain and Northern Ireland"
184.77.150.38/31,"GB","United Kingdom of Great Britain and Northern Ireland"
184.77.157.244/31,"GB","United Kingdom of Great Britain and Northern Ireland"
184.77.165.230/32,"GB","United Kingdom of Great Britain and Northern Ireland"
184.77.173.104/32,"GB","United Kingdom of Great Britain and Northern Ireland"
184.77.182.10/31,"GB","United Kingdom of Great Britain and Northern Ireland"
184.77.190.195/32,"US","United States of America"
184.77.200.233/32,"GB","United Kingdom of Great Britain and Northern Ireland"
184.77.210.216/32,"GB","United Kingdom of Great Britain and Northern Ireland"
184.77.218.228/30,"GB","United Kingdom of Great Britain and Northern Ireland"
184.77.226.106/32,"US","United States of America"
184.77.234.0/31,"GB","United Kingdom of Great Britain and Northern Ireland"
184.77.242.119/32,"US","United States of America"
184.77.250.187/32,"GB","United Kingdom of Great Britain and Northern Ireland"
184.78.2.213/32,"GB","United Kingdom of Great Britain and Northern Ireland"
184.78.9.107/32,"GB","United Kingdom of Great Britain and Northern Ireland"
184.78.16.60/32,"US","United States of America"
184.78.22.124/32,"US","United States of America"
184.78.29.191/32,"GB","United Kingdom of Great Britain and Northern Ireland"
184.78.36.70/31,"US","United States of America"
184.78.44.13/32,"GB","United Kingdom of Great Britain and Northern Ireland"
184.78.51.104/32,"GB","United Kingdom of Great Britain and Northern Ireland"
184.78.58.164/32,"US","United States of America"
184.78.65.204/30,"GB","United Kingdom of Great Britain and Northern Ireland"
184.78.72.156/31,"US","United States of America"
184.78.79.55/32,"GB","United Kingdom of Great Britain and Northern Ireland"
184.78.86.144/30,"GB","United Kingdom of Great Britain and Northern Ireland"
184.78.93.225/32,"GB","United Kingdom of Great Britain and Northern Ireland"
184.78.101.0/30,"GB","United Kingdom of Great Britain and Northern Ireland"
184.78.109.21/32,"GB","United Kingdom of Great Britain and Northern Ireland"
184.78.117.46/32,"GB","United Kingdom of Great Britain and Northern Ireland"
184.78.125.91/32,"US","United States of America"
184.78.133.100/30,"GB","United Kingdom of Great Britain and Northern Ireland"
184.78.140.179/32,"US","United States of America"
184.78.148.139/32,"US","United States of America"
184.78.157.20/32,"US","United States of America"
184.78.165.95/32,"GB","United Kingdom of Great Britain and Northern Ireland"
184.78.173.65/32,"GB","United Kingdom of Great Britain and Northern Ireland"
184.78.182.164/32,"GB","United Kingdom of Great Britain and Northern Ireland"
184.78.191.96/31,"GB","United Kingdom of Great Britain and Northern Ireland"
184.78.201.16/30,"GB","United Kingdom of Great Britain and Northern Ireland"
184.78.210.184/29,"GB","United Kingdom of Great Britain and Northern Ireland"
184.78.218.217/32,"US","United States of America"
184.78.226.198/32,"GB","United Kingdom of Great Britain and Northern Ireland"
184.78.233.218/32,"US","United States of America"
184.78.241.76/31,"GB","United Kingdom of Great Britain and Northern Ireland"
184.78.249.134/32,"GB","United Kingdom of Great Britain and Northern Ireland"
184.79.0.191/32,"US","United States of America"
184.79.8.24/31,"GB","United Kingdom of Great Britain and Northern Ireland"
184.79.14.124/32,"GB","United Kingdom of Great Britain and Northern Ireland"
184.79.21.78/31,"GB","United Kingdom of Great Britain and Northern Ireland"
184.79.27.254/32,"GB","United Kingdom of Great Britain and Northern Ireland"
184.79.34.227/32,"US","United States of America"
184.79.42.168/30,"GB","United Kingdom of Great Britain and Northern Ireland"
184.79.50.26/32,"GB","United Kingdom of Great Britain and Northern Ireland"
184.79.57.32/32,"GB","United Kingdom of Great Britain and Northern Ireland"
184.79.63.238/31,"GB","United Kingdom of Great Britain and Northern Ireland"
184.79.70.129/32,"US","United States of America"
184.79.76.238/32,"US","United States of America"
184.79.83.190/32,"US","United States of America"
184.79.90.42/31,"US","United States of America"
184.79.97.23/32,"US","United States of America"
184.79.105.16/32,"GB","United Kingdom of Great Britain and Northern Ireland"
184.79.114.28/31,"GB","United Kingdom of Great Britain and Northern Ireland"
184.79.122.94/32,"US","United States of America"
184.79.130.112/30,"GB","United Kingdom of Great Britain and Northern Ireland"
184.79.137.242/31,"US","United States of America"
184.79.144.241/32,"GB","United Kingdom of Great Britain and Northern Ireland"
184.79.153.136/30,"GB","United Kingdom of Great Britain and Northern Ireland"
184.79.162.188/31,"GB","United Kingdom of Great Britain and Northern Ireland"
184.79.170.208/32,"US","United States of America"
184.79.179.147/32,"GB","United Kingdom of Great Britain and Northern Ireland"
184.79.188.42/31,"GB","United Kingdom of Great Britain and Northern Ireland"
184.79.196.167/32,"GB","United Kingdom of Great Britain and Northern Ireland"
184.79.205.215/32,"GB","United Kingdom of Great Britain and Northern Ireland"
184.79.213.249/32,"US","United States of America"
184.79.221.248/32,"US","United States of America"
184.79.230.155/32,"GB","United Kingdom of Great Britain and Northern Ireland"
184.79.238.111/32,"GB","United Kingdom of Great Britain and Northern Ireland"
184.79.246.171/32,"GB","United Kingdom of Great Britain and Northern Ireland"
184.79.255.140/32,"GB","United Kingdom of Great Britain and Northern Ireland"
184.104.191.103/32,"RS","Serbia"
184.104.199.124/32,"IT","Italy"
184.104.212.144/28,"US","United States of America"
184.105.65.102/31,"US","United States of America"
184.124.2.64/26,"US","United States of America"
185.1.231.0/24,"IT","Italy"
185.8.4.0/22,"RU","Russian Federation"
185.13.91.148/30,"LU","Luxembourg"
185.20.64.0/22,"IT","Italy"
185.26.116.0/22,"RS","Serbia"
185.32.124.0/22,"CH","Switzerland"
185.37.224.0/21,"ES","Spain"
185.42.204.170/32,"US","United States of America"
185.47.119.16/28,"FR","France"
185.54.92.192/28,"GB","United Kingdom of Great Britain and Northern Ireland"
185.60.200.200/32,"NL","Netherlands (Kingdom of the)"
185.65.148.224/30,"RU","Russian Federation"
185.71.206.0/23,"AE","United Arab Emirates"
185.81.145.2/31,"BR","Brazil"
185.89.164.0/22,"FR","France"
185.95.156.192/27,"SE","Sweden"
185.102.80.0/22,"FR","France"
185.110.129.216/29,"NL","Netherlands (Kingdom of the)"
185.116.24.0/22,"IR","Iran (Islamic Republic of)"
185.122.207.0/24,"SG","Singapore"
185.126.68.38/31,"GB","United Kingdom of Great Britain and Northern Ireland"
185.131.66.0/24,"NL","Netherlands (Kingdom of the)"
185.137.156.0/23,"DE","Germany"
185.141.72.208/29,"CA","Canada"
185.142.231.208/30,"SE","Sweden"
185.144.76.0/22,"TR","Turkiye"
185.147.28.0/22,"KW","Kuwait"
185.150.115.152/29,"SE","Sweden"
185.155.74.0/24,"DE","Germany"
185.161.68.0/24,"IN","India"
185.163.17.74/32,"US","United States of America"
185.166.238.0/24,"BG","Bulgaria"
185.169.198.0/24,"US","United States of America"
185.176.120.0/22,"PL","Poland"
185.185.160.0/22,"GB","United Kingdom of Great Britain and Northern Ireland"
185.193.88.134/32,"BE","Belgium"
185.199.12.7/32,"GB","United Kingdom of Great Britain and Northern Ireland"
185.206.226.13/32,"DK","Denmark"
185.212.105.0/24,"IN","India"
185.217.84.0/22,"LB","Lebanon"
185.224.216.0/24,"US","United States of America"
185.230.132.0/22,"AT","Austria"
185.238.174.0/23,"IE","Ireland"
185.244.66.0/24,"HK","Hong Kong"
185.251.80.36/30,"ES","Spain"
186.1.152.0/24,"EC","Ecuador"
186.179.14.80/30,"HN","Honduras"
188.42.224.0/21,"NL","Netherlands (Kingdom of the)"
188.93.233.191/32,"PT","Portugal"
188.125.74.208/28,"CH","Switzerland"
188.165.166.0/25,"FR","France"
188.191.251.192/28,"RO","Romania"
188.241.208.0/23,"RO","Romania"
190.4.41.128/26,"HN","Honduras"
190.7.82.88/29,"CO","Colombia"
190.71.153.96/27,"CO","Colombia"
190.92.136.189/32,"SG","Singapore"
190.92.161.180/31,"SG","Singapore"
190.103.107.240/28,"PE","Peru"
190.121.144.0/20,"CO","Colombia"
191.96.95.0/25,"BR","Brazil"
191.232.10.241/32,"BR","Brazil"
192.0.4.0/22,"KY","Cayman Islands"
192.30.35.192/27,"US","United States of America"
192.52.208.0/21,"US","United States of America"
192.69.132.0/22,"CA","Canada"
192.83.202.0/24,"GB","United Kingdom of Great Britain and Northern Ireland"
192.96.132.0/23,"ZA","South Africa"
192.107.101.0/24,"AU","Australia"
192.119.110.56/30,"NL","Netherlands (Kingdom of the)"
192.131.40.0/22,"US","United States of America"
192.142.33.225/32,"NL","Netherlands (Kingdom of the)"
192.145.126.0/24,"GB","United Kingdom of Great Britain and Northern Ireland"
192.151.233.192/27,"US","United States of America"
192.159.104.0/24,"US","United States of America"
192.169.32.120/32,"PH","Philippines"
192.177.71.208/31,"SG","Singapore"
192.178.106.160/27,"US","United States of America"
192.188.72.0/24,"US","United States of America"
192.198.81.108/30,"PK","Pakistan"
192.221.92.128/25,"US","United States of America"
192.233.208.0/20,"US","United States of America"
192.236.162.141/32,"US","United States of America"
192.236.193.0/30,"US","United States of America"
192.236.209.86/32,"NL","Netherlands (Kingdom of the)"
192.245.188.0/22,"US","United States of America"
192.252.180.64/28,"US","United States of America"
193.0.152.0/22,"RU","Russian Federation"
193.10.252.231/32,"SE","Sweden"
193.26.6.0/24,"SE","Sweden"
193.30.140.0/24,"DE","Germany"
193.34.75.218/31,"UA","Ukraine"
193.37.58.235/32,"NL","Netherlands (Kingdom of the)"
193.45.48.44/30,"SE","Sweden"
193.57.138.0/24,"IE","Ireland"
193.79.225.22/31,"US","United States of America"
193.93.54.108/32,"TR","Turkiye"
193.105.137.0/24,"DE","Germany"
193.110.196.0/22,"DK","Denmark"
193.114.175.201/32,"IE","Ireland"
193.118.243.160/27,"HU","Hungary"
193.130.225.128/26,"GB","United Kingdom of Great Britain and Northern Ireland"
193.150.0.0/23,"RU","Russian Federation"
193.169.56.0/23,"IT","Italy"
193.187.4.0/22,"AT","Austria"
193.201.3.180/32,"CA","Canada"
193.210.132.0/22,"FI","Finland"
193.227.129.0/24,"US","United States of America"
193.239.177.32/27,"CZ","Czechia"
193.240.92.216/29,"IT","Italy"
193.240.178.100/30,"GB","United Kingdom of Great Britain and Northern Ireland"
193.241.0.0/16,"SE","Sweden"
193.251.247.237/32,"US","United States of America"
194.7.14.0/23,"BE","Belgium"
194.14.16.0/20,"SE","Sweden"
194.30.190.0/24,"RU","Russian Federation"
194.37.0.0/24,"AT","Austria"
194.50.126.0/24,"RO","Romania"
194.61.75.8/29,"GB","United Kingdom of Great Britain and Northern Ireland"
194.70.192.0/19,"GB","United Kingdom of Great Britain and Northern Ireland"
194.87.58.122/32,"HK","Hong Kong"
194.89.240.0/23,"FI","Finland"
194.105.0.0/22,"RO","Romania"
194.116.140.0/24,"KZ","Kazakhstan"
194.126.160.0/22,"RU","Russian Federation"
194.142.169.0/24,"FI","Finland"
194.153.72.32/28,"PL","Poland"
194.169.112.0/21,"GB","United Kingdom of Great Britain and Northern Ireland"
194.178.242.182/31,"US","United States of America"
194.196.129.0/24,"GB","United Kingdom of Great Britain and Northern Ireland"
194.215.12.24/29,"SE","Sweden"
194.246.48.0/20,"DE","Germany"
195.2.3.101/32,"GB","United Kingdom of Great Britain and Northern Ireland"
195.2.14.81/32,"DE","Germany"
195.2.21.177/32,"HK","Hong Kong"
195.2.28.160/32,"BE","Belgium"
195.7.194.0/26,"GB","United Kingdom of Great Britain and Northern Ireland"
195.12.227.116/30,"NO","Norway"
195.19.0.124/30,"NL","Netherlands (Kingdom of the)"
195.22.223.128/25,"HK","Hong Kong"
195.34.43.108/31,"RU","Russian Federation"
195.50.86.224/28,"GB","United Kingdom of Great Britain and Northern Ireland"
195.60.160.0/23,"DK","Denmark"
195.72.67.99/32,"CH","Switzerland"
195.75.97.176/28,"DE","Germany"
195.79.203.0/24,"NL","Netherlands (Kingdom of the)"
195.84.83.144/28,"SE","Sweden"
195.89.99.64/32,"GB","United Kingdom of Great Britain and Northern Ireland"
195.90.114.0/23,"HU","Hungary"
195.114.201.71/32,"ES","Spain"
195.129.145.58/32,"HU","Hungary"
195.129.237.120/30,"BE","Belgium"
195.138.143.0/24,"GB","United Kingdom of Great Britain and Northern Ireland"
195.154.33.64/29,"FR","France"
195.161.44.0/22,"RU","Russian Federation"
195.178.110.113/32,"EE","Estonia"
195.184.160.0/19,"HU","Hungary"
195.200.76.116/31,"NL","Netherlands (Kingdom of the)"
195.212.56.200/29,"DK","Denmark"
195.219.45.20/32,"NL","Netherlands (Kingdom of the)"
195.225.212.0/22,"PL","Poland"
195.242.175.0/24,"AT","Austria"
196.4.72.0/21,"ZA","South Africa"
196.19.198.0/24,"AU","Australia"
196.43.253.0/24,"ZA","South Africa"
196.195.32.0/19,"-","-"
196.223.32.0/24,"CG","Congo"
196.251.69.64/31,"SC","Seychelles"
196.251.86.22/32,"SC","Seychelles"
196.251.117.195/32,"NL","Netherlands (Kingdom of the)"
197.216.64.0/18,"AO","Angola"
198.16.35.220/31,"US","United States of America"
198.35.26.0/23,"US","United States of America"
198.50.231.32/27,"CA","Canada"
198.64.0.80/31,"US","United States of America"
198.97.210.0/24,"US","United States of America"
198.161.2.0/23,"CA","Canada"
198.190.2.36/30,"RO","Romania"
198.202.171.232/31,"DE","Germany"
198.233.114.52/32,"US","United States of America"
198.252.110.134/32,"CA","Canada"
199.21.232.128/30,"US","United States of America"
199.46.143.224/27,"US","United States of America"
199.67.197.174/31,"US","United States of America"
199.100.16.145/32,"US","United States of America"
199.116.175.48/28,"MA","Morocco"
199.168.63.171/32,"US","United States of America"
199.195.140.56/31,"SG","Singapore"
199.241.185.108/30,"CN","China"
200.3.147.0/24,"CO","Colombia"
200.16.80.0/21,"AR","Argentina"
200.50.224.0/21,"BR","Brazil"
200.79.192.0/18,"MX","Mexico"
200.124.72.0/22,"MX","Mexico"
200.244.111.0/25,"BR","Brazil"
201.76.196.128/25,"BR","Brazil"
202.5.133.0/24,"CA","Canada"
202.36.50.0/24,"KH","Cambodia"
202.42.154.0/23,"SG","Singapore"
202.47.213.80/32,"ID","Indonesia"
202.61.67.148/31,"PH","Philippines"
202.77.23.16/32,"HK","Hong Kong"
202.84.141.220/31,"HK","Hong Kong"
202.84.225.48/31,"HK","Hong Kong"
202.92.16.0/22,"US","United States of America"
202.97.59.60/31,"CN","China"
202.135.28.0/24,"JP","Japan"
202.147.55.126/32,"AU","Australia"
202.163.8.136/29,"SG","Singapore"
202.177.216.122/31,"AU","Australia"
202.230.156.0/22,"JP","Japan"
203.5.4.0/23,"CN","China"
203.15.96.0/21,"AU","Australia"
203.21.106.0/23,"-","-"
203.28.69.0/25,"AU","Australia"
203.33.244.0/24,"-","-"
203.62.206.0/23,"-","-"
203.88.87.144/28,"AU","Australia"
203.100.142.43/32,"JP","Japan"
203.100.156.62/32,"HK","Hong Kong"
203.120.206.0/23,"SG","Singapore"
203.153.55.74/32,"IN","India"
203.180.38.0/25,"JP","Japan"
203.194.72.72/29,"JP","Japan"
203.222.36.232/29,"AU","Australia"
203.254.238.0/23,"KR","Korea (the Republic of)"
204.12.60.32/27,"US","United States of America"
204.48.36.0/22,"US","United States of America"
204.70.202.157/32,"GB","United Kingdom of Great Britain and Northern Ireland"
204.90.181.55/32,"NL","Netherlands (Kingdom of the)"
204.96.208.0/20,"US","United States of America"
204.98.219.86/31,"US","United States of America"
204.138.44.196/30,"US","United States of America"
204.154.172.0/24,"-","-"
204.191.12.0/25,"US","United States of America"
204.231.196.0/24,"US","United States of America"
204.245.13.133/32,"CH","Switzerland"
205.128.81.16/28,"US","United States of America"
205.143.213.126/31,"RO","Romania"
205.167.224.0/23,"US","United States of America"
205.182.154.0/23,"US","United States of America"
205.205.88.0/23,"CA","Canada"
205.217.0.0/22,"GB","United Kingdom of Great Britain and Northern Ireland"
205.234.220.220/30,"US","United States of America"
206.1.95.0/24,"BR","Brazil"
206.43.0.0/16,"BR","Brazil"
206.66.205.147/32,"SL","Sierra Leone"
206.83.109.0/24,"JP","Japan"
206.119.163.56/32,"US","United States of America"
206.130.160.0/19,"CA","Canada"
206.155.79.128/25,"US","United States of America"
206.165.72.68/30,"US","United States of America"
206.187.76.0/22,"SG","Singapore"
206.228.174.0/24,"US","United States of America"
206.238.93.43/32,"HK","Hong Kong"
206.238.100.228/32,"SG","Singapore"
206.238.109.158/32,"SG","Singapore"
206.238.171.100/32,"SG","Singapore"
206.245.129.160/28,"DE","Germany"
207.16.92.0/32,"US","United States of America"
207.45.123.208/32,"US","United States of America"
207.46.39.42/32,"US","United States of America"
207.46.219.9/32,"IN","India"
207.82.79.128/27,"GB","United Kingdom of Great Britain and Northern Ireland"
207.123.59.136/29,"US","United States of America"
207.138.128.21/32,"GB","United Kingdom of Great Britain and Northern Ireland"
207.150.243.64/28,"PR","Puerto Rico"
207.176.163.48/28,"US","United States of America"
207.209.42.0/24,"GB","United Kingdom of Great Britain and Northern Ireland"
207.226.237.17/32,"TW","Taiwan (Province of China)"
207.245.248.0/21,"US","United States of America"
208.47.224.0/19,"US","United States of America"
208.48.239.154/32,"FI","Finland"
208.49.224.166/32,"NL","Netherlands (Kingdom of the)"
208.51.4.0/22,"US","United States of America"
208.53.128.0/18,"DE","Germany"
208.70.202.0/25,"US","United States of America"
208.88.50.0/28,"PL","Poland"
208.97.218.120/29,"CA","Canada"
208.112.4.0/22,"US","United States of America"
208.116.198.104/29,"CA","Canada"
208.127.9.16/28,"SI","Slovenia"
208.127.62.44/30,"LI","Liechtenstein"
208.127.115.8/29,"AU","Australia"
208.127.250.2/31,"ZA","South Africa"
208.168.147.68/32,"US","United States of America"
208.175.185.128/27,"US","United States of America"
208.178.9.43/32,"US","United States of America"
208.178.244.27/32,"US","United States of America"
208.184.253.168/31,"US","United States of America"
208.185.254.96/28,"US","United States of America"
209.8.44.128/29,"US","United States of America"
209.15.16.0/23,"CA","Canada"
209.35.191.88/30,"US","United States of America"
209.51.178.0/24,"PR","Puerto Rico"
209.74.73.246/31,"US","United States of America"
209.85.250.36/32,"US","United States of America"
209.120.145.48/28,"US","United States of America"
209.120.253.8/29,"US","United States of America"
209.130.172.88/31,"US","United States of America"
209.141.208.0/20,"US","United States of America"
209.163.104.0/24,"US","United States of America"
209.170.125.192/29,"SG","Singapore"
209.200.139.130/32,"US","United States of America"
209.207.66.80/28,"CA","Canada"
209.242.200.0/24,"US","United States of America"
209.249.216.128/26,"CA","Canada"
210.57.34.0/24,"KR","Korea (the Republic of)"
210.80.35.131/32,"SG","Singapore"
210.118.110.204/32,"SG","Singapore"
210.158.200.128/25,"JP","Japan"
211.79.48.64/26,"TW","Taiwan (Province of China)"
212.3.238.247/32,"BE","Belgium"
212.20.133.224/27,"US","United States of America"
212.30.0.0/19,"GG","Guernsey"
212.36.179.240/28,"FR","France"
212.47.201.146/31,"EE","Estonia"
212.56.13.24/29,"GR","Greece"
212.69.164.0/30,"AT","Austria"
212.73.251.128/26,"IE","Ireland"
212.74.72.62/32,"DE","Germany"
212.74.84.123/32,"GB","United Kingdom of Great Britain and Northern Ireland"
212.74.92.87/32,"SG","Singapore"
212.83.64.192/28,"BE","Belgium"
212.83.146.128/29,"FR","France"
212.83.165.65/32,"FR","France"
212.83.181.196/30,"FR","France"
212.101.1.224/28,"CH","Switzerland"
212.108.94.128/25,"GB","United Kingdom of Great Britain and Northern Ireland"
212.115.145.128/28,"DE","Germany"
212.116.246.64/26,"KZ","Kazakhstan"
212.124.236.184/32,"US","United States of America"
212.129.16.48/29,"FR","France"
212.129.52.154/32,"FR","France"
212.133.13.80/32,"GB","United Kingdom of Great Britain and Northern Ireland"
212.133.63.116/30,"IT","Italy"
212.135.80.0/21,"GB","United Kingdom of Great Britain and Northern Ireland"
212.151.18.224/32,"SE","Sweden"
212.151.51.128/28,"SE","Sweden"
212.151.77.160/27,"SE","Sweden"
212.151.128.93/32,"DE","Germany"
212.151.176.83/32,"SE","Sweden"
212.151.197.186/32,"SE","Sweden"
212.151.222.56/29,"SE","Sweden"
212.151.235.97/32,"VE","Venezuela (Bolivarian Republic of)"
212.153.144.16/32,"US","United States of America"
212.161.87.128/27,"AT","Austria"
212.162.43.89/32,"DE","Germany"
212.177.151.176/30,"IT","Italy"
212.188.18.60/30,"RU","Russian Federation"
212.190.98.32/30,"BE","Belgium"
212.192.219.88/31,"DE","Germany"
212.208.60.0/23,"FR","France"
212.214.107.64/27,"SE","Sweden"
212.221.1.208/30,"DE","Germany"
212.221.51.104/29,"IE","Ireland"
212.221.94.96/28,"DE","Germany"
212.222.19.17/32,"GB","United Kingdom of Great Britain and Northern Ireland"
212.222.72.100/32,"DE","Germany"
212.222.121.124/30,"DK","Denmark"
212.222.181.0/25,"GB","United Kingdom of Great Britain and Northern Ireland"
212.224.120.0/22,"DE","Germany"
213.15.192.0/19,"SE","Sweden"
213.19.197.254/32,"NL","Netherlands (Kingdom of the)"
213.32.36.48/29,"FR","France"
213.39.28.32/28,"GB","United Kingdom of Great Britain and Northern Ireland"
213.41.33.0/24,"ES","Spain"
213.46.177.101/32,"DE","Germany"
213.50.44.148/30,"SE","Sweden"
213.50.146.54/31,"SE","Sweden"
213.50.212.77/32,"SE","Sweden"
213.53.31.237/32,"DE","Germany"
213.62.216.144/28,"NL","Netherlands (Kingdom of the)"
213.80.86.0/24,"SE","Sweden"
213.86.240.124/30,"IT","Italy"
213.101.128.0/22,"LV","Latvia"
213.133.73.210/31,"MC","Monaco"
213.137.170.216/29,"HU","Hungary"
213.140.51.8/31,"ES","Spain"
213.148.108.216/29,"DE","Germany"
213.155.144.56/29,"RU","Russian Federation"
213.161.94.0/23,"GB","United Kingdom of Great Britain and Northern Ireland"
213.165.242.198/31,"NL","Netherlands (Kingdom of the)"
213.165.250.106/32,"US","United States of America"
213.174.200.180/32,"US","United States of America"
213.185.212.16/32,"GB","United Kingdom of Great Britain and Northern Ireland"
213.198.9.88/29,"GE","Georgia"
213.200.92.186/32,"DE","Germany"
213.200.121.184/32,"DE","Germany"
213.208.24.8/29,"AT","Austria"
213.218.227.141/32,"GB","United Kingdom of Great Britain and Northern Ireland"
213.239.203.134/32,"DE","Germany"
213.242.71.202/32,"ES","Spain"
213.242.121.248/30,"FR","France"
213.248.68.144/29,"BE","Belgium"
213.248.79.229/32,"AT","Austria"
213.248.91.184/29,"BE","Belgium"
213.248.102.206/31,"BE","Belgium"
213.251.0.174/31,"SK","Slovakia"
213.254.31.128/26,"IT","Italy"
213.254.209.254/31,"DE","Germany"
213.254.226.100/30,"DE","Germany"
213.254.254.16/30,"CZ","Czechia"
216.18.174.220/31,"US","United States of America"
216.40.14.36/30,"CA","Canada"
216.58.201.173/32,"ES","Spain"
216.58.213.68/32,"GB","United Kingdom of Great Britain and Northern Ireland"
216.66.24.76/30,"US","United States of America"
216.66.85.44/32,"US","United States of America"
216.74.96.0/21,"US","United States of America"
216.94.102.64/28,"CA","Canada"
216.115.111.123/32,"US","United States of America"
216.137.180.160/32,"US","United States of America"
216.146.128.0/20,"CA","Canada"
216.173.85.16/28,"NL","Netherlands (Kingdom of the)"
216.187.114.8/29,"US","United States of America"
216.191.249.56/29,"US","United States of America"
216.200.210.152/29,"US","United States of America"
216.201.79.240/30,"NL","Netherlands (Kingdom of the)"
216.218.253.203/32,"US","United States of America"
216.239.40.144/31,"US","United States of America"
216.245.92.127/32,"US","United States of America"
216.252.238.89/32,"NL","Netherlands (Kingdom of the)"
217.19.237.72/29,"BE","Belgium"
217.60.60.0/23,"US","United States of America"
217.75.226.0/26,"ES","Spain"
217.111.173.236/30,"ES","Spain"
217.112.144.0/24,"IE","Ireland"
217.118.19.0/24,"FR","France"
217.138.113.26/32,"GB","United Kingdom of Great Britain and Northern Ireland"
217.138.210.233/32,"SE","Sweden"
217.146.20.192/26,"DE","Germany"
217.154.14.0/23,"FR","France"
217.160.105.0/24,"ES","Spain"
217.163.147.160/27,"GB","United Kingdom of Great Britain and Northern Ireland"
217.177.15.215/32,"US","United States of America"
217.195.252.252/30,"DE","Germany"
217.239.55.230/32,"AT","Austria"
220.100.143.58/31,"JP","Japan"
223.29.228.0/24,"CA","Canada"
223.120.10.16/28,"HK","Hong Kong"
