"0","16777215","-","-"
"34961893","34961893","JP","Japan"
"37430569","37430569","JP","Japan"
"61860352","61864447","CZ","Czechia"
"68728858","68728860","US","United States of America"
"71574798","71574798","NL","Netherlands (Kingdom of the)"
"71665898","71665898","DE","Germany"
"82366464","82378751","IT","Italy"
"86230719","86230719","US","United States of America"
"87560561","87560561","DE","Germany"
"90596456","90596456","CA","Canada"
"93708288","93712383","DE","Germany"
"95411283","95411283","DE","Germany"
"95884288","95885311","DE","Germany"
"99023360","99023375","FI","Finland"
"135058961","135058961","NL","Netherlands (Kingdom of the)"
"136415719","136415721","CA","Canada"
"162332672","162398207","GB","United Kingdom of Great Britain and Northern Ireland"
"220360320","220360383","GB","United Kingdom of Great Britain and Northern Ireland"
"225037400","225037403","JP","Japan"
"232936704","232936959","AU","Australia"
"267092748","267092748","SG","Singapore"
"267097007","267097009","SG","Singapore"
"267102086","267102089","CA","Canada"
"267106604","267106611","CA","Canada"
"267110162","267110163","CA","Canada"
"267113567","267113567","CA","Canada"
"267116956","267116956","CA","Canada"
"285253716","285253716","GB","United Kingdom of Great Britain and Northern Ireland"
"290144256","290156543","ES","Spain"
"306272512","306307071","JP","Japan"
"341798656","341798911","IT","Italy"
"351338496","351469567","US","United States of America"
"388284416","388285439","MX","Mexico"
"389386240","389391359","US","United States of America"
"391737345","391737345","NL","Netherlands (Kingdom of the)"
"394441728","394441983","US","United States of America"
"394836164","394836164","US","United States of America"
"395624448","395625471","CA","Canada"
"396572672","396572927","CA","Canada"
"397629696","397631487","-","-"
"398775808","398776319","AR","Argentina"
"399653906","399653906","US","United States of America"
"400430080","400431615","US","United States of America"
"402580706","402580708","US","United States of America"
"458652769","458652770","US","United States of America"
"521005056","521008639","BG","Bulgaria"
"523767808","523768831","TR","Turkiye"
"523890432","523890687","UA","Ukraine"
"523998084","523998084","SG","Singapore"
"533483376","533483519","NO","Norway"
"540758952","540758959","BR","Brazil"
"544487168","544487423","US","United States of America"
"577228758","577228764","AE","United Arab Emirates"
"601620480","601624575","US","United States of America"
"622051840","622052095","DE","Germany"
"628654126","628654135","GB","United Kingdom of Great Britain and Northern Ireland"
"630490112","630491135","BE","Belgium"
"635863880","635863880","NL","Netherlands (Kingdom of the)"
"637863947","637863968","US","United States of America"
"639369729","639369729","PT","Portugal"
"641506816","641507839","GB","United Kingdom of Great Britain and Northern Ireland"
"643385881","643385884","GB","United Kingdom of Great Britain and Northern Ireland"
"643389404","643389404","GB","United Kingdom of Great Britain and Northern Ireland"
"644300981","644300999","US","United States of America"
"644763954","644763967","US","United States of America"
"645555680","645555695","CA","Canada"
"646856312","646856343","US","United States of America"
"651117978","651117978","HK","Hong Kong"
"651155399","651155399","HK","Hong Kong"
"653271040","653271551","NL","Netherlands (Kingdom of the)"
"677020320","677020367","US","United States of America"
"677654016","677654111","HK","Hong Kong"
"691833301","691833301","US","United States of America"
"699703296","699705343","GB","United Kingdom of Great Britain and Northern Ireland"
"702474240","702475263","GH","Ghana"
"732878851","732878851","CA","Canada"
"732887110","732887111","SG","Singapore"
"736213854","736213854","SG","Singapore"
"737501234","737501249","ID","Indonesia"
"740345856","740346111","AU","Australia"
"755492864","755493887","BR","Brazil"
"755826474","755826474","NL","Netherlands (Kingdom of the)"
"758989824","758998527","US","United States of America"
"760357632","760357887","LT","Lithuania"
"760747776","760748031","GB","United Kingdom of Great Britain and Northern Ireland"
"761203200","761203455","IT","Italy"
"762942464","762943487","JP","Japan"
"763635938","763635938","NL","Netherlands (Kingdom of the)"
"763969536","763970559","NL","Netherlands (Kingdom of the)"
"764379136","764380159","DE","Germany"
"764822017","764822020","NL","Netherlands (Kingdom of the)"
"765233152","765233152","CY","Cyprus"
"765623552","765623807","AR","Argentina"
"767691525","767691525","GB","United Kingdom of Great Britain and Northern Ireland"
"768446464","768452863","US","United States of America"
"771948544","771949567","RU","Russian Federation"
"773321472","773321983","FR","France"
"773936731","773936736","DE","Germany"
"778673920","778674279","FR","France"
"785079672","785079672","SG","Singapore"
"788269056","788269823","SE","Sweden"
"839001166","839001169","US","United States of America"
"855972864","855973375","DE","Germany"
"856659353","856659446","FR","France"
"860563408","860563439","FR","France"
"860742484","860742495","GB","United Kingdom of Great Britain and Northern Ireland"
"865999274","865999291","FR","France"
"868452104","868452107","GB","United Kingdom of Great Britain and Northern Ireland"
"872323328","872324351","FR","France"
"878627072","878627730","US","United States of America"
"878875696","878875711","NL","Netherlands (Kingdom of the)"
"879355648","879355903","SG","Singapore"
"880836608","880844799","SG","Singapore"
"887082165","887082165","FI","Finland"
"908389952","908389967","DE","Germany"
"908533488","908534487","CA","Canada"
"958605169","958605169","HK","Hong Kong"
"962854912","962856959","SG","Singapore"
"969064960","969065215","BE","Belgium"
"970135808","970136319","US","United States of America"
"970703759","970703761","US","United States of America"
"982147691","982147717","JP","Japan"
"1039885280","1039885287","MY","Malaysia"
"1041710244","1041710247","NL","Netherlands (Kingdom of the)"
"1042834052","1042834053","GB","United Kingdom of Great Britain and Northern Ireland"
"1043651629","1043651645","DE","Germany"
"1044588544","1044588559","DE","Germany"
"1045319680","1045323775","RU","Russian Federation"
"1046908928","1046909951","FI","Finland"
"1047729209","1047729209","NL","Netherlands (Kingdom of the)"
"1047734873","1047734874","NL","Netherlands (Kingdom of the)"
"1047739181","1047739181","GB","United Kingdom of Great Britain and Northern Ireland"
"1047751002","1047751002","DE","Germany"
"1047756917","1047756917","SG","Singapore"
"1047760372","1047760372","US","United States of America"
"1047764218","1047764218","IT","Italy"
"1047768630","1047768631","BE","Belgium"
"1047772433","1047772433","US","United States of America"
"1048621056","1048625151","DE","Germany"
"1050981632","1050981695","CA","Canada"
"1052019808","1052019839","BE","Belgium"
"1052513536","1052514303","FR","France"
"1053867774","1053867775","FR","France"
"1055654472","1055654473","US","United States of America"
"1066151106","1066151106","SG","Singapore"
"1067234689","1067234689","GB","United Kingdom of Great Britain and Northern Ireland"
"1071156905","1071156905","HK","Hong Kong"
"1071256227","1071256228","US","United States of America"
"1071282837","1071282838","PH","Philippines"
"1071293697","1071293698","SG","Singapore"
"1071303833","1071303834","HK","Hong Kong"
"1071315181","1071315182","SG","Singapore"
"1071432575","1071432575","US","United States of America"
"1071577344","1071577599","EG","Egypt"
"1071584273","1071584274","HK","Hong Kong"
"1071589106","1071589106","DE","Germany"
"1071619187","1071619189","US","United States of America"
"1073044164","1073044166","US","United States of America"
"1075501910","1075501910","US","United States of America"
"1076823012","1076823891","US","United States of America"
"1078791504","1078791519","MX","Mexico"
"1081217024","1081217031","GB","United Kingdom of Great Britain and Northern Ireland"
"1081934231","1081934232","DE","Germany"
"1082731781","1082731782","CA","Canada"
"1087395051","1087395052","US","United States of America"
"1087509761","1087509762","ES","Spain"
"1087587699","1087587708","NL","Netherlands (Kingdom of the)"
"1087660675","1087660688","US","United States of America"
"1087783200","1087783207","CA","Canada"
"1087839965","1087839966","DE","Germany"
"1089055261","1089055312","US","United States of America"
"1090343707","1090343707","SG","Singapore"
"1096222005","1096222006","HK","Hong Kong"
"1100220930","1100220930","US","United States of America"
"1100639722","1100639724","US","United States of America"
"1103930296","1103930303","AU","Australia"
"1109465051","1109465051","US","United States of America"
"1110333732","1110333739","US","United States of America"
"1114051976","1114052095","ID","Indonesia"
"1117996105","1117996106","US","United States of America"
"1120158277","1120158279","US","United States of America"
"1123598702","1123598704","GB","United Kingdom of Great Britain and Northern Ireland"
"1125016461","1125016462","AU","Australia"
"1125156227","1125156228","US","United States of America"
"1125164003","1125164016","US","United States of America"
"1125170159","1125170168","US","United States of America"
"1125209803","1125209804","US","United States of America"
"1125228499","1125228524","US","United States of America"
"1132979445","1132979446","GB","United Kingdom of Great Britain and Northern Ireland"
"1137713072","1137713087","CA","Canada"
"1138525628","1138525631","US","United States of America"
"1145241409","1145241470","NL","Netherlands (Kingdom of the)"
"1152558419","1152558420","US","United States of America"
"1159343677","1159343679","US","United States of America"
"1160410256","1160410447","US","United States of America"
"1161869041","1161869043","GB","United Kingdom of Great Britain and Northern Ireland"
"1168562340","1168562340","US","United States of America"
"1168595192","1168595199","CA","Canada"
"1176632832","1176648191","US","United States of America"
"1208926632","1208926633","GB","United Kingdom of Great Britain and Northern Ireland"
"1209912441","1209912441","US","United States of America"
"1246899959","1246899959","ID","Indonesia"
"1249712241","1249712241","SG","Singapore"
"1254618220","1254618251","US","United States of America"
"1275920000","1275920015","GB","United Kingdom of Great Britain and Northern Ireland"
"1294225408","1294225663","GB","United Kingdom of Great Britain and Northern Ireland"
"1296253734","1296253752","DE","Germany"
"1296259794","1296259812","DE","Germany"
"1296726800","1296726807","GB","United Kingdom of Great Britain and Northern Ireland"
"1297753727","1297753727","DE","Germany"
"1299183728","1299183728","GB","United Kingdom of Great Britain and Northern Ireland"
"1308030976","1308033023","RU","Russian Federation"
"1317996952","1317996959","SK","Slovakia"
"1331927995","1331927999","NL","Netherlands (Kingdom of the)"
"1334423552","1334424575","KZ","Kazakhstan"
"1346575744","1346575871","DE","Germany"
"1347695193","1347695198","US","United States of America"
"1352500002","1352518176","DE","Germany"
"1353292712","1353295439","GB","United Kingdom of Great Britain and Northern Ireland"
"1357876340","1357876343","PL","Poland"
"1357896160","1357896447","DE","Germany"
"1358489908","1358489909","NZ","New Zealand"
"1359609856","1359642623","EG","Egypt"
"1362407744","1362407839","FR","France"
"1370780416","1370780671","US","United States of America"
"1372753065","1372753065","IN","India"
"1377226162","1377226163","DE","Germany"
"1377664343","1377664343","US","United States of America"
"1384195841","1384195841","DE","Germany"
"1388675093","1388675093","DE","Germany"
"1398888676","1398888677","IT","Italy"
"1403820032","1403820287","FR","France"
"1410213740","1410213755","GB","United Kingdom of Great Britain and Northern Ireland"
"1411409152","1411409919","NL","Netherlands (Kingdom of the)"
"1416921853","1416921854","DE","Germany"
"1416923811","1416923812","BE","Belgium"
"1416937215","1416937217","BE","Belgium"
"1416949927","1416949933","BE","Belgium"
"1424603024","1424603047","US","United States of America"
"1426703123","1426703123","GB","United Kingdom of Great Britain and Northern Ireland"
"1432312064","1432312575","GB","United Kingdom of Great Britain and Northern Ireland"
"1438351438","1438351438","US","United States of America"
"1438358244","1438358244","US","United States of America"
"1439801344","1439801599","US","United States of America"
"1445362176","1445362431","JP","Japan"
"1449879168","1449879295","TH","Thailand"
"1466574080","1466575871","DE","Germany"
"1467511498","1467511498","NL","Netherlands (Kingdom of the)"
"1475736448","1475736479","UA","Ukraine"
"1481940772","1481940991","NL","Netherlands (Kingdom of the)"
"1486319888","1486319994","NL","Netherlands (Kingdom of the)"
"1490470689","1490470689","GB","United Kingdom of Great Britain and Northern Ireland"
"1494595070","1494595070","NL","Netherlands (Kingdom of the)"
"1495419392","1495419903","US","United States of America"
"1495927296","1495927551","GB","United Kingdom of Great Britain and Northern Ireland"
"1500189665","1500189667","GB","United Kingdom of Great Britain and Northern Ireland"
"1502970454","1502970454","US","United States of America"
"1502973539","1502973541","DE","Germany"
"1502982537","1502982538","GB","United Kingdom of Great Britain and Northern Ireland"
"1502985353","1502985354","US","United States of America"
"1506416160","1506416283","DE","Germany"
"1507186020","1507186026","GB","United Kingdom of Great Britain and Northern Ireland"
"1510932480","1510941439","GP","Guadeloupe"
"1533758411","1533758411","SG","Singapore"
"1535185585","1535185585","IR","Iran (Islamic Republic of)"
"1536131072","1536143359","RU","Russian Federation"
"1539438854","1539438887","PL","Poland"
"1539826176","1539826431","AM","Armenia"
"1540382464","1540382485","GB","United Kingdom of Great Britain and Northern Ireland"
"1540710912","1540711167","DE","Germany"
"1541172736","1541172991","IS","Iceland"
"1541594112","1541594367","AL","Albania"
"1542111488","1542111743","NL","Netherlands (Kingdom of the)"
"1542566912","1542586367","RU","Russian Federation"
"1547498917","1547498917","GB","United Kingdom of Great Britain and Northern Ireland"
"1551528193","1551528193","SE","Sweden"
"1566048256","1566052351","RU","Russian Federation"
"1568115712","1568118783","MD","Moldova (the Republic of)"
"1571546624","1571546879","DE","Germany"
"1578113464","1578113471","BE","Belgium"
"1579102732","1579102735","DE","Germany"
"1586056932","1586056934","NL","Netherlands (Kingdom of the)"
"1588635136","1588635647","RO","Romania"
"1592590354","1592590354","FI","Finland"
"1593435131","1593435133","CA","Canada"
"1600457216","1600457727","NO","Norway"
"1603167508","1603167512","BE","Belgium"
"1607659776","1607660287","TR","Turkiye"
"1613572719","1613572719","FR","France"
"1632263334","1632263334","SG","Singapore"
"1652341657","1652341657","US","United States of America"
"1672828933","1672828933","TH","Thailand"
"1707851776","1707868159","JP","Japan"
"1722094452","1722094452","ZA","South Africa"
"1725237248","1725238271","RE","Reunion"
"1728332800","1728333823","JP","Japan"
"1728419328","1728419583","NP","Nepal"
"1729091584","1729093119","HK","Hong Kong"
"1729794360","1729794367","GB","United Kingdom of Great Britain and Northern Ireland"
"1730695424","1730695679","NZ","New Zealand"
"1731477235","1731477245","PH","Philippines"
"1732505600","1732506623","ID","Indonesia"
"1733315840","1733316095","ID","Indonesia"
"1734172416","1734172671","PK","Pakistan"
"1734940160","1734940415","IN","India"
"1735743488","1735744511","CN","China"
"1736575744","1736575999","BD","Bangladesh"
"1737235850","1737235858","US","United States of America"
"1737772318","1737772318","SG","Singapore"
"1738286080","1738286335","PH","Philippines"
"1738978304","1738978815","IN","India"
"1739582464","1739583999","ID","Indonesia"
"1740434432","1740434943","IN","India"
"1741375488","1741376511","IN","India"
"1741907907","1741907910","HK","Hong Kong"
"1742959616","1742960639","IN","India"
"1743557901","1743557901","GB","United Kingdom of Great Britain and Northern Ireland"
"1744238973","1744238973","RO","Romania"
"1746668861","1746668863","TC","Turks and Caicos Islands"
"1746686192","1746686193","ZW","Zimbabwe"
"1746701073","1746701074","TW","Taiwan (Province of China)"
"1746705086","1746705086","DZ","Algeria"
"1746715718","1746715722","EG","Egypt"
"1746723554","1746723559","IT","Italy"
"1746757888","1746758655","US","United States of America"
"1746837809","1746837809","EE","Estonia"
"1746841870","1746841870","JP","Japan"
"1747717264","1747717265","IN","India"
"1747719535","1747719535","GB","United Kingdom of Great Britain and Northern Ireland"
"1747723714","1747723715","BR","Brazil"
"1747726833","1747726833","GB","United Kingdom of Great Britain and Northern Ireland"
"1747764574","1747764577","ZA","South Africa"
"1747774025","1747774027","CO","Colombia"
"1750080512","1750081535","DE","Germany"
"1753531392","1753531647","IN","India"
"1754335368","1754335387","CA","Canada"
"1758741410","1758741411","GB","United Kingdom of Great Britain and Northern Ireland"
"1761083392","1761087487","US","United States of America"
"1762658915","1762658936","MU","Mauritius"
"1795599890","1795599904","US","United States of America"
"1805782842","1805782865","US","United States of America"
"1822816000","1822816000","GB","United Kingdom of Great Britain and Northern Ireland"
"1833411838","1833411838","CA","Canada"
"1835762432","1835762687","IR","Iran (Islamic Republic of)"
"1840300342","1840300342","BE","Belgium"
"1844375552","1844379647","RU","Russian Federation"
"1870073233","1870075135","JP","Japan"
"1919877120","1919885311","CN","China"
"1959251200","1959251455","AU","Australia"
"1997115448","1997115463","HK","Hong Kong"
"2001828125","2001828131","NL","Netherlands (Kingdom of the)"
"2053533184","2053533695","AU","Australia"
"2084743168","2084745215","IN","India"
"2113756625","2113756627","SG","Singapore"
"2153441710","2153441710","US","United States of America"
"2163278427","2163278428","US","United States of America"
"2173051508","2173051511","US","United States of America"
"2173054040","2173054040","BR","Brazil"
"2173056911","2173056911","US","United States of America"
"2173062093","2173062093","BE","Belgium"
"2173066429","2173066436","US","United States of America"
"2173069194","2173069194","CO","Colombia"
"2174214144","2174222335","FR","France"
"2180646288","2180646293","GB","United Kingdom of Great Britain and Northern Ireland"
"2180674067","2180674080","AT","Austria"
"2186411108","2186411142","US","United States of America"
"2188710677","2188710677","GB","United Kingdom of Great Britain and Northern Ireland"
"2188734720","2188734768","US","United States of America"
"2195126784","2195127295","AE","United Arab Emirates"
"2197039222","2197039232","SE","Sweden"
"2197049326","2197049327","VE","Venezuela (Bolivarian Republic of)"
"2197057919","2197057925","SE","Sweden"
"2197071314","2197071314","SE","Sweden"
"2197089402","2197089402","HR","Croatia"
"2207862569","2207862569","SG","Singapore"
"2212859934","2212859934","RO","Romania"
"2212871950","2212871950","CO","Colombia"
"2212878624","2212878624","MY","Malaysia"
"2230702728","2230702735","IE","Ireland"
"2257717760","2257718015","US","United States of America"
"2263351276","2263613439","US","United States of America"
"2283204901","2283204903","US","United States of America"
"2300706816","2300772351","CH","Switzerland"
"2312949126","2312949144","JP","Japan"
"2323404800","2323405055","CZ","Czechia"
"2336740352","2336740607","IN","India"
"2354788352","2354788863","SG","Singapore"
"2363360757","2363360757","MX","Mexico"
"2363402460","2363402460","SE","Sweden"
"2363420232","2363420243","US","United States of America"
"2365071620","2365071625","ID","Indonesia"
"2371223552","2371289087","US","United States of America"
"2373517312","2373582847","US","United States of America"
"2374527275","2374527276","DE","Germany"
"2379268195","2379268269","FI","Finland"
"2398749728","2398749776","US","United States of America"
"2398793381","2398793381","DE","Germany"
"2398825339","2398825342","TH","Thailand"
"2398874321","2398874321","NL","Netherlands (Kingdom of the)"
"2410545152","2410610687","AU","Australia"
"2419523584","2419589119","AU","Australia"
"2430271488","2430533920","US","United States of America"
"2435344384","2435345407","CA","Canada"
"2449527808","2449530879","LU","Luxembourg"
"2453852672","2453852927","DE","Germany"
"2454437888","2454438191","US","United States of America"
"2461795359","2461795364","GB","United Kingdom of Great Britain and Northern Ireland"
"2461804414","2461804416","GB","United Kingdom of Great Britain and Northern Ireland"
"2461809262","2461809268","GB","United Kingdom of Great Britain and Northern Ireland"
"2461826703","2461826704","GB","United Kingdom of Great Britain and Northern Ireland"
"2461839515","2461839516","GB","United Kingdom of Great Britain and Northern Ireland"
"2462187520","2462253055","GB","United Kingdom of Great Britain and Northern Ireland"
"2471219491","2471219493","DE","Germany"
"2476800169","2476800172","GB","United Kingdom of Great Britain and Northern Ireland"
"2482224290","2482224290","GB","United Kingdom of Great Britain and Northern Ireland"
"2492138611","2492138617","NL","Netherlands (Kingdom of the)"
"2492156197","2492156210","NL","Netherlands (Kingdom of the)"
"2500045509","2500045522","SC","Seychelles"
"2500219537","2500219537","ES","Spain"
"2500238162","2500238163","US","United States of America"
"2500529670","2500529672","US","United States of America"
"2500562894","2500562895","US","United States of America"
"2500747562","2500747568","US","United States of America"
"2501002050","2501002051","BE","Belgium"
"2501008095","2501008095","SG","Singapore"
"2501013171","2501013174","TR","Turkiye"
"2501016064","2501016065","KR","Korea (the Republic of)"
"2501038467","2501038468","CZ","Czechia"
"2501040257","2501040257","CZ","Czechia"
"2501042156","2501042156","US","United States of America"
"2501044046","2501044057","SG","Singapore"
"2501046000","2501046000","CZ","Czechia"
"2501047854","2501047856","CZ","Czechia"
"2501049691","2501049691","SG","Singapore"
"2501813473","2501813473","HK","Hong Kong"
"2501819146","2501819146","HK","Hong Kong"
"2501822517","2501822519","HK","Hong Kong"
"2501825590","2501825590","HK","Hong Kong"
"2501831997","2501831997","HK","Hong Kong"
"2503544449","2503544449","SG","Singapore"
"2503557930","2503557930","CZ","Czechia"
"2503563802","2503563802","SG","Singapore"
"2503565753","2503565755","SG","Singapore"
"2503568720","2503568720","CZ","Czechia"
"2503580792","2503580792","SG","Singapore"
"2503590827","2503590827","CZ","Czechia"
"2503592704","2503592704","CZ","Czechia"
"2503594508","2503594508","JP","Japan"
"2503596556","2503596556","SG","Singapore"
"2503600362","2503600363","US","United States of America"
"2504517632","2504518655","US","United States of America"
"2508065280","2508065791","NL","Netherlands (Kingdom of the)"
"2513049408","2513049479","FR","France"
"2523234823","2523234840","AU","Australia"
"2533212372","2533212373","SG","Singapore"
"2548893696","2548894207","GB","United Kingdom of Great Britain and Northern Ireland"
"2549270783","2549270784","DK","Denmark"
"2549352448","2549352703","KR","Korea (the Republic of)"
"2559574016","2559770623","US","United States of America"
"2583737618","2583737852","GA","Gabon"
"2584109331","2584109331","BE","Belgium"
"2584134553","2584134554","DE","Germany"
"2584139407","2584139409","SG","Singapore"
"2584143380","2584143381","US","United States of America"
"2584511168","2584511231","US","United States of America"
"2584618169","2584618169","IT","Italy"
"2584630472","2584630479","SE","Sweden"
"2584647129","2584647129","IT","Italy"
"2584669632","2584669639","NL","Netherlands (Kingdom of the)"
"2584872448","2584873471","HK","Hong Kong"
"2585278247","2585278252","US","United States of America"
"2585330705","2585330706","CH","Switzerland"
"2585332955","2585332956","US","United States of America"
"2585400126","2585400126","CA","Canada"
"2585407911","2585407911","UA","Ukraine"
"2586886320","2586886327","US","United States of America"
"2587231770","2587231770","HK","Hong Kong"
"2587238993","2587238993","DE","Germany"
"2587244725","2587244726","FR","France"
"2587246503","2587246504","US","United States of America"
"2587250213","2587250214","FR","France"
"2587465280","2587465471","US","United States of America"
"2589229056","2589229311","US","United States of America"
"2596462593","2596462625","CA","Canada"
"2597715968","2597716479","US","United States of America"
"2607906816","2607907327","CN","China"
"2610902847","2610902849","ZA","South Africa"
"2610907993","2610908019","ZA","South Africa"
"2610912315","2610912320","ZA","South Africa"
"2610914383","2610914387","ZA","South Africa"
"2610934546","2610934548","ZA","South Africa"
"2612933491","2612933491","SG","Singapore"
"2627369472","2627369727","BR","Brazil"
"2632647074","2632647077","DE","Germany"
"2633748793","2633748793","HK","Hong Kong"
"2633988980","2633988980","HK","Hong Kong"
"2635343872","2635344383","MM","Myanmar"
"2642583358","2642583364","US","United States of America"
"2645026777","2645026777","IQ","Iraq"
"2649676488","2649676495","US","United States of America"
"2649769024","2649769025","US","United States of America"
"2649771472","2649771473","HK","Hong Kong"
"2649774032","2649774033","PH","Philippines"
"2649779448","2649779449","BR","Brazil"
"2662285333","2662285377","US","United States of America"
"2662366094","2662366094","GB","United Kingdom of Great Britain and Northern Ireland"
"2668125696","2668125951","US","United States of America"
"2671711631","2671711640","US","United States of America"
"2672741963","2672741966","DE","Germany"
"2675624003","2675624010","US","United States of America"
"2684188672","2684188927","MD","Moldova (the Republic of)"
"2686587671","2686587672","US","United States of America"
"2692290080","2692290080","HK","Hong Kong"
"2692295387","2692295388","HK","Hong Kong"
"2692310639","2692310639","HK","Hong Kong"
"2692319089","2692319089","HK","Hong Kong"
"2692344455","2692344455","HK","Hong Kong"
"2692485342","2692485342","HK","Hong Kong"
"2692489482","2692489482","HK","Hong Kong"
"2692492644","2692492644","HK","Hong Kong"
"2692506716","2692506716","HK","Hong Kong"
"2692512391","2692512391","HK","Hong Kong"
"2692517194","2692517195","HK","Hong Kong"
"2692518903","2692518903","HK","Hong Kong"
"2692538614","2692538614","HK","Hong Kong"
"2692545076","2692545076","HK","Hong Kong"
"2700802048","2700802559","PH","Philippines"
"2705661976","2705661976","IL","Israel"
"2705671960","2705671960","ZA","South Africa"
"2705681297","2705681297","PY","Paraguay"
"2711409555","2711409558","US","United States of America"
"2714426086","2714426086","SG","Singapore"
"2719197184","2719198227","DE","Germany"
"2725806520","2725806592","US","United States of America"
"2725826441","2725826444","BE","Belgium"
"2732494848","2732495871","CA","Canada"
"2735065140","2735065140","NL","Netherlands (Kingdom of the)"
"2742330624","2742330677","GB","United Kingdom of Great Britain and Northern Ireland"
"2742345728","2742345814","BR","Brazil"
"2746537615","2746537622","KR","Korea (the Republic of)"
"2746539297","2746539297","KR","Korea (the Republic of)"
"2746544941","2746544945","KR","Korea (the Republic of)"
"2746547926","2746547933","KR","Korea (the Republic of)"
"2753448545","2753448545","NL","Netherlands (Kingdom of the)"
"2760153600","2760154175","FR","France"
"2768356831","2768356832","US","United States of America"
"2774789632","2774790143","ID","Indonesia"
"2783412736","2783412991","EE","Estonia"
"2789084706","2789084708","US","United States of America"
"2790815334","2790815335","CZ","Czechia"
"2816008257","2816008257","GB","United Kingdom of Great Britain and Northern Ireland"
"2823564681","2823564681","ZA","South Africa"
"2823566219","2823566221","ZA","South Africa"
"2823571637","2823572145","ZA","South Africa"
"2823593193","2823593219","ZA","South Africa"
"2823598246","2823598246","ZA","South Africa"
"2831384576","2831384623","CL","Chile"
"2832088816","2832088816","HK","Hong Kong"
"2832096973","2832096973","HK","Hong Kong"
"2832112281","2832112281","HK","Hong Kong"
"2832128467","2832128467","HK","Hong Kong"
"2832134460","2832134460","HK","Hong Kong"
"2834001850","2834001852","GB","United Kingdom of Great Britain and Northern Ireland"
"2838672834","2838672834","NL","Netherlands (Kingdom of the)"
"2844282798","2844282798","SG","Singapore"
"2852816384","2852816895","AU","Australia"
"2857486336","2857489407","BR","Brazil"
"2859643851","2859643851","SG","Singapore"
"2868370432","2868371455","US","United States of America"
"2873831430","2873831431","DE","Germany"
"2873838955","2873838956","DE","Germany"
"2890336256","2890336511","JP","Japan"
"2892989410","2892989425","IE","Ireland"
"2899908106","2899908106","IL","Israel"
"2900419632","2900419647","US","United States of America"
"2900476064","2900476079","GW","Guinea-Bissau"
"2902270633","2902270634","GB","United Kingdom of Great Britain and Northern Ireland"
"2915914626","2915914626","NL","Netherlands (Kingdom of the)"
"2918285389","2918285389","CA","Canada"
"2947602432","2947603455","NZ","New Zealand"
"2956504832","2956505087","GB","United Kingdom of Great Britain and Northern Ireland"
"2959556096","2959556607","BG","Bulgaria"
"2967281152","2967281663","NL","Netherlands (Kingdom of the)"
"2987726848","2987728895","RU","Russian Federation"
"2988544168","2988544171","PL","Poland"
"2995021824","2995022079","MX","Mexico"
"3000672256","3000676351","HR","Croatia"
"3002841088","3002843135","CZ","Czechia"
"3026087936","3026089983","AU","Australia"
"3050307584","3050373119","VE","Venezuela (Bolivarian Republic of)"
"3054960640","3054961936","ID","Indonesia"
"3088869376","3088869631","ES","Spain"
"3092056166","3092056167","US","United States of America"
"3092058958","3092058959","US","United States of America"
"3092061649","3092061649","US","United States of America"
"3092064440","3092064445","US","United States of America"
"3092067349","3092067349","US","United States of America"
"3092070074","3092070075","US","United States of America"
"3092072725","3092072725","US","United States of America"
"3092075330","3092075330","US","United States of America"
"3092078365","3092078365","US","United States of America"
"3092081811","3092081811","US","United States of America"
"3092085649","3092085649","US","United States of America"
"3092088757","3092088758","US","United States of America"
"3092091581","3092091581","US","United States of America"
"3092095096","3092095096","US","United States of America"
"3092098262","3092098262","US","United States of America"
"3092102123","3092102123","US","United States of America"
"3092106663","3092106663","US","United States of America"
"3092110427","3092110427","US","United States of America"
"3092113610","3092113611","US","United States of America"
"3092117236","3092117236","US","United States of America"
"3092120712","3092120712","US","United States of America"
"3092123336","3092123339","US","United States of America"
"3092125856","3092125856","US","United States of America"
"3092128754","3092128755","US","United States of America"
"3092131863","3092131863","US","United States of America"
"3092134869","3092134869","US","United States of America"
"3092137813","3092137813","US","United States of America"
"3092140619","3092140619","US","United States of America"
"3092143591","3092143591","US","United States of America"
"3092146596","3092146596","US","United States of America"
"3092150319","3092150319","US","United States of America"
"3092153807","3092153807","US","United States of America"
"3092157085","3092157085","US","United States of America"
"3092160756","3092160756","US","United States of America"
"3092164266","3092164266","US","United States of America"
"3092168472","3092168472","US","United States of America"
"3092173011","3092173011","US","United States of America"
"3092176560","3092176560","US","United States of America"
"3092179818","3092179818","US","United States of America"
"3092183010","3092183010","US","United States of America"
"3092186281","3092186281","US","United States of America"
"3092188859","3092188859","US","United States of America"
"3092191632","3092191633","US","United States of America"
"3092194538","3092194539","US","United States of America"
"3092197720","3092197720","US","United States of America"
"3092200425","3092200425","US","United States of America"
"3092203295","3092203295","US","United States of America"
"3092205827","3092205829","US","United States of America"
"3092208494","3092208494","US","United States of America"
"3092211676","3092211676","US","United States of America"
"3092215594","3092215594","US","United States of America"
"3092219008","3092219008","US","United States of America"
"3092222027","3092222027","US","United States of America"
"3092226040","3092226040","US","United States of America"
"3092229645","3092229647","US","United States of America"
"3092233514","3092233514","US","United States of America"
"3092237456","3092237456","US","United States of America"
"3092241130","3092241130","US","United States of America"
"3092244715","3092244720","US","United States of America"
"3092248198","3092248198","US","United States of America"
"3093871813","3093871814","GB","United Kingdom of Great Britain and Northern Ireland"
"3093876026","3093876031","US","United States of America"
"3093905787","3093905788","US","United States of America"
"3103898368","3103898623","DE","Germany"
"3104461824","3104462847","CZ","Czechia"
"3105046272","3105046527","DE","Germany"
"3105558556","3105558556","NL","Netherlands (Kingdom of the)"
"3106183180","3106183212","PL","Poland"
"3106590219","3106590219","PL","Poland"
"3107181568","3107182591","JO","Jordan"
"3107788800","3107789823","RU","Russian Federation"
"3108251431","3108251431","NL","Netherlands (Kingdom of the)"
"3109041152","3109042175","NL","Netherlands (Kingdom of the)"
"3109738528","3109738559","NL","Netherlands (Kingdom of the)"
"3110279868","3110279871","DK","Denmark"
"3110979584","3110980607","FR","France"
"3111449396","3111449399","AT","Austria"
"3112002816","3112003071","FI","Finland"
"3112602624","3112603647","IT","Italy"
"3112951808","3112952831","SK","Slovakia"
"3113160353","3113160371","CZ","Czechia"
"3113489917","3113489917","NL","Netherlands (Kingdom of the)"
"3113814016","3113815039","FR","France"
"3114365952","3114366975","ES","Spain"
"3114491904","3114492159","US","United States of America"
"3114921984","3114923007","CH","Switzerland"
"3115550720","3115551743","RS","Serbia"
"3116243456","3116243711","GE","Georgia"
"3116776097","3116776097","RO","Romania"
"3117343418","3117343418","PL","Poland"
"3117828352","3117828607","NL","Netherlands (Kingdom of the)"
"3118385152","3118385407","UA","Ukraine"
"3118926848","3118927871","PL","Poland"
"3119545045","3119545049","GB","United Kingdom of Great Britain and Northern Ireland"
"3120141312","3120142335","ES","Spain"
"3124757072","3124757119","AR","Argentina"
"3159015749","3159015797","RO","Romania"
"3162472448","3162480639","HU","Hungary"
"3166697655","3166697655","DE","Germany"
"3187818496","3187822591","BR","Brazil"
"3188153308","3188153327","CO","Colombia"
"3193735726","3193735726","US","United States of America"
"3194446800","3194446883","CO","Colombia"
"3201880064","3201884159","EC","Ecuador"
"3219804299","3219804300","US","United States of America"
"3223214080","3223214591","CA","Canada"
"3225738496","3225738751","PT","Portugal"
"3227579392","3227579647","US","United States of America"
"3229052437","3229052437","US","United States of America"
"3230539776","3230540174","NL","Netherlands (Kingdom of the)"
"3231167232","3231167487","CO","Colombia"
"3231955020","3231955020","US","United States of America"
"3232900753","3232900754","SG","Singapore"
"3233923044","3233923044","US","United States of America"
"3236395008","3236395519","AR","Argentina"
"3236737349","3236737350","US","United States of America"
"3236745583","3236745583","US","United States of America"
"3237787405","3237787405","HK","Hong Kong"
"3238675473","3238675473","SE","Sweden"
"3239784192","3239784447","FR","France"
"3240243456","3240243711","NL","Netherlands (Kingdom of the)"
"3240493634","3240493634","GB","United Kingdom of Great Britain and Northern Ireland"
"3241701632","3241701887","FI","Finland"
"3243239418","3243239420","US","United States of America"
"3244940544","3244940799","PL","Poland"
"3245517907","3245517908","GB","United Kingdom of Great Britain and Northern Ireland"
"3245797448","3245797455","HU","Hungary"
"3247399680","3247400703","FI","Finland"
"3249577728","3249582847","NL","Netherlands (Kingdom of the)"
"3251143680","3251143935","NL","Netherlands (Kingdom of the)"
"3252452096","3252452191","NO","Norway"
"3253735603","3253735711","GB","United Kingdom of Great Britain and Northern Ireland"
"3253759196","3253759207","GB","United Kingdom of Great Britain and Northern Ireland"
"3253793561","3253793562","NL","Netherlands (Kingdom of the)"
"3254893568","3254894079","CZ","Czechia"
"3255836484","3255849991","SE","Sweden"
"3257075712","3257075967","GB","United Kingdom of Great Britain and Northern Ireland"
"3258282496","3258283007","PL","Poland"
"3259388019","3259388117","GB","United Kingdom of Great Britain and Northern Ireland"
"3260515569","3260515569","NL","Netherlands (Kingdom of the)"
"3262004480","3262004735","AT","Austria"
"3263052645","3263052645","GB","United Kingdom of Great Britain and Northern Ireland"
"3264606720","3264606975","RU","Russian Federation"
"3266330624","3266338815","GB","United Kingdom of Great Britain and Northern Ireland"
"3267637600","3267637615","NL","Netherlands (Kingdom of the)"
"3270680576","3270684671","IL","Israel"
"3271690837","3271690837","DE","Germany"
"3271695021","3271695022","DK","Denmark"
"3272215920","3272215935","NL","Netherlands (Kingdom of the)"
"3272930560","3272930815","FR","France"
"3273801131","3273801234","RU","Russian Federation"
"3275513856","3275522047","DE","Germany"
"3276479088","3276479095","NL","Netherlands (Kingdom of the)"
"3276879488","3276879871","TR","Turkiye"
"3277416622","3277416622","SE","Sweden"
"3279349504","3279349759","FR","France"
"3280297226","3280297226","NL","Netherlands (Kingdom of the)"
"3281649917","3281650277","FR","France"
"3283250823","3283250832","NL","Netherlands (Kingdom of the)"
"3284046592","3284046847","CZ","Czechia"
"3285469944","3285469951","NL","Netherlands (Kingdom of the)"
"3286156040","3286156047","GB","United Kingdom of Great Britain and Northern Ireland"
"3287951104","3287951359","HU","Hungary"
"3289780224","3289788415","ZA","South Africa"
"3301191700","3301191703","SC","Seychelles"
"3304533504","3304535039","US","United States of America"
"3304812580","3304812597","SC","Seychelles"
"3320476672","3320477055","NA","Namibia"
"3325134336","3325136127","US","United States of America"
"3328180224","3328181247","CA","Canada"
"3334341956","3334341956","CA","Canada"
"3337211181","3337211181","CA","Canada"
"3340694315","3340694371","US","United States of America"
"3344650240","3344652287","CA","Canada"
"3349207051","3349207813","US","United States of America"
"3354495659","3354495661","SG","Singapore"
"3356379648","3356380159","AR","Argentina"
"3359970762","3359970763","SG","Singapore"
"3369597952","3369796607","BR","Brazil"
"3389302528","3389302783","PK","Pakistan"
"3391657197","3391657197","SG","Singapore"
"3392244224","3392244735","-","-"
"3393859840","3393860351","AU","Australia"
"3394539622","3394539628","HK","Hong Kong"
"3395188890","3395188912","US","United States of America"
"3398074368","3398090751","PH","Philippines"
"3399873792","3399874047","CN","China"
"3404093440","3404094207","JP","Japan"
"3406553088","3406565375","AU","Australia"
"3407183360","3407183871","-","-"
"3407747840","3407748095","CN","China"
"3409524736","3409525247","AU","Australia"
"3412066304","3412107263","NZ","New Zealand"
"3412633600","3412634111","HK","Hong Kong"
"3416476080","3416477199","JP","Japan"
"3418578944","3418583039","TH","Thailand"
"3422700800","3422701567","NL","Netherlands (Kingdom of the)"
"3427073256","3427073259","RO","Romania"
"3428695169","3428695169","US","United States of America"
"3430937158","3430937159","GB","United Kingdom of Great Britain and Northern Ireland"
"3434575360","3434575615","BR","Brazil"
"3438617861","3438617862","BE","Belgium"
"3449214624","3449214647","US","United States of America"
"3452785192","3452785255","CA","Canada"
"3454726912","3454727167","US","United States of America"
"3460441361","3460441361","SL","Sierra Leone"
"3463234576","3463236655","CA","Canada"
"3465965720","3465965767","CA","Canada"
"3468096512","3468096767","NO","Norway"
"3471728029","3471728029","SG","Singapore"
"3471731286","3471731286","SG","Singapore"
"3471747735","3471747738","SG","Singapore"
"3472474112","3472490495","GB","United Kingdom of Great Britain and Northern Ireland"
"3475908299","3475908299","US","United States of America"
"3477348054","3477348056","US","United States of America"
"3481964605","3481964606","MX","Mexico"
"3484565504","3484573695","SA","Saudi Arabia"
"3488080874","3488080876","CA","Canada"
"3492870869","3492870870","GB","United Kingdom of Great Britain and Northern Ireland"
"3493064677","3493064678","BR","Brazil"
"3495405056","3495405567","SC","Seychelles"
"3497298076","3497298079","CA","Canada"
"3498008973","3498008979","LU","Luxembourg"
"3500752896","3500754431","KY","Cayman Islands"
"3501376317","3501376318","MX","Mexico"
"3506671745","3506671745","DE","Germany"
"3508748288","3508756479","GB","United Kingdom of Great Britain and Northern Ireland"
"3511306497","3511306498","US","United States of America"
"3514350612","3514350615","US","United States of America"
"3515456768","3515596799","US","United States of America"
"3517716480","3517718527","US","United States of America"
"3520154112","3520154367","CA","Canada"
"3524802352","3524802367","JP","Japan"
"3530522624","3530702847","KR","Korea (the Republic of)"
"3556966400","3556974591","SE","Sweden"
"3558289664","3558289727","GB","United Kingdom of Great Britain and Northern Ireland"
"3559176017","3559176018","IE","Ireland"
"3560441664","3560441687","IE","Ireland"
"3561500720","3561500751","NL","Netherlands (Kingdom of the)"
"3561638690","3561638695","GB","United Kingdom of Great Britain and Northern Ireland"
"3561642775","3561642775","CH","Switzerland"
"3562244379","3562244427","FR","France"
"3562255303","3562255315","FR","France"
"3563713464","3563716607","HU","Hungary"
"3564349380","3564349383","CH","Switzerland"
"3564972224","3564972231","CH","Switzerland"
"3565488643","3565488643","DE","Germany"
"3565517965","3565517966","HU","Hungary"
"3566679651","3566679651","DE","Germany"
"3566700083","3566700088","SE","Sweden"
"3566717310","3566717314","SE","Sweden"
"3566725675","3566725688","SE","Sweden"
"3567345168","3567345175","BE","Belgium"
"3568443392","3568468239","NL","Netherlands (Kingdom of the)"
"3569357847","3569357848","DE","Germany"
"3570807533","3570807553","SE","Sweden"
"3571263704","3571263707","PT","Portugal"
"3571321304","3571321311","AT","Austria"
"3571347456","3571347711","BE","Belgium"
"3571374504","3571374511","ES","Spain"
"3574840920","3574840923","FR","France"
"3576103830","3576103900","HU","Hungary"
"3576602639","3576602640","NL","Netherlands (Kingdom of the)"
"3576849296","3576849296","CH","Switzerland"
"3577028577","3577028577","DE","Germany"
"3579215104","3579215135","DE","Germany"
"3580729912","3580729912","UA","Ukraine"
"3582656800","3582656807","IT","Italy"
"3583671343","3583671343","HU","Hungary"
"3584117951","3584118047","GB","United Kingdom of Great Britain and Northern Ireland"
"3584423706","3584423706","US","United States of America"
"3585425408","3585433599","ES","Spain"
"3586627717","3586627718","NL","Netherlands (Kingdom of the)"
"3586686747","3586686761","DE","Germany"
"3588353536","3588353791","BR","Brazil"
"3589426512","3589426519","IT","Italy"
"3589818192","3589818192","BE","Belgium"
"3589823680","3589823680","GB","United Kingdom of Great Britain and Northern Ireland"
"3589897897","3589897898","DE","Germany"
"3590246008","3590246015","CH","Switzerland"
"3590256000","3590256127","IT","Italy"
"3626513433","3626513433","GB","United Kingdom of Great Britain and Northern Ireland"
"3627733764","3627733764","SE","Sweden"
"3628224380","3628224383","CA","Canada"
"3628701187","3628701187","US","United States of America"
"3631875968","3631878399","US","United States of America"
"3634125856","3634135423","US","United States of America"
"3636404136","3636404159","US","United States of America"
"3637071370","3637071370","US","United States of America"
"3639268352","3639268863","ZM","Zambia"
"3640455168","3640557567","US","United States of America"
"3642555506","3642555507","BE","Belgium"
"3647945944","3647945951","CZ","Czechia"
"3648081920","3648082175","MW","Malawi"
"3649737505","3649737505","GB","United Kingdom of Great Britain and Northern Ireland"
"3650227288","3650227303","AT","Austria"
"3650939160","3650939207","GB","United Kingdom of Great Britain and Northern Ireland"
"3652259392","3652259392","US","United States of America"
"3656332162","3656332162","FR","France"
"3716173056","3716173311","JP","Japan"
